stage,factors,n_factors,youth_restoration_pct_excl,youth_restoration_pct_incl,empirical_clock_rev_yr_excl,empirical_clock_rev_yr_incl,senmayo_shift_excl,senmayo_shift_incl,GJA1_shift,SCN5A_shift,KCNJ2_shift,KCNH2_shift,KCNQ1_shift,CACNA1C_shift,ATP2A2_shift,RYR2_shift,latent_mahalanobis_dist,provenance,stage_rank
Stage1_SingleTF,NFKB1,1,2.0521,2.0652,0.1188,0.121,-0.00052,-0.00052,0.00132,0.01763,-0.00075,0.00952,0.00177,0.03647,0.01303,0.00169,0.1386,COMPUTED_HCA_5307_vCM_RIDGE_GRN,1.0
Stage1_SingleTF,MITF,1,1.7948,1.8651,-0.2738,-0.2588,0.00455,0.00455,0.00711,0.0107,8e-05,-0.00078,-5e-05,0.0003,0.01763,-3e-05,0.1698,COMPUTED_HCA_5307_vCM_RIDGE_GRN,2.0
Stage1_SingleTF,CTCF,1,1.4206,1.4275,0.1632,0.1619,8e-05,8e-05,0.00124,0.05886,-2e-05,0.00015,-0.00028,0.06371,0.00663,-0.00022,0.1176,COMPUTED_HCA_5307_vCM_RIDGE_GRN,3.0
Stage1_SingleTF,CREB1,1,1.3345,1.3677,-0.0073,-0.0096,0.0025,0.0025,-0.00304,0.00832,4e-05,0.00117,0.00038,0.0057,0.02005,0.00186,0.1257,COMPUTED_HCA_5307_vCM_RIDGE_GRN,4.0
Stage1_SingleTF,HIF1A,1,1.2652,1.339,0.1132,0.1375,0.00029,0.00029,0.00157,0.0111,5e-05,0.00087,0.00414,0.03901,0.00161,0.00308,0.1309,COMPUTED_HCA_5307_vCM_RIDGE_GRN,5.0
Stage1_SingleTF,REL,1,1.1543,1.1586,0.0987,0.0985,-0.00038,-0.00038,-0.00139,0.00096,-0.00034,0.00409,-0.00039,0.01656,0.00927,-0.00026,0.1426,COMPUTED_HCA_5307_vCM_RIDGE_GRN,6.0
Stage1_SingleTF,YY1,1,0.7394,0.7428,0.0601,0.0534,0.00046,0.00046,-0.00263,0.01306,-8e-05,0.00013,-0.00047,0.0446,0.00724,-0.0003,0.1223,COMPUTED_HCA_5307_vCM_RIDGE_GRN,7.0
Stage1_SingleTF,JUND,1,0.6844,0.6883,0.0194,0.0227,0.00204,0.00204,-0.00017,-0.0083,-0.0011,-0.00072,-0.00116,0.00422,-2e-05,-0.00087,0.1128,COMPUTED_HCA_5307_vCM_RIDGE_GRN,8.0
Stage1_SingleTF,SP3,1,0.627,0.6397,0.0459,0.0465,-0.0007,-0.0007,-0.00109,0.00333,-0.00573,0.00082,0.00178,0.00544,-0.00847,0.00166,0.134,COMPUTED_HCA_5307_vCM_RIDGE_GRN,9.0
Stage1_SingleTF,NFIC,1,0.6262,0.6237,0.0628,0.0541,-0.0017,-0.0017,0.0012,0.00515,0.00017,0.00177,0.00409,-0.00067,-0.00272,0.00294,0.1381,COMPUTED_HCA_5307_vCM_RIDGE_GRN,10.0
Stage1_SingleTF,HIPK2,1,0.4572,0.5481,0.0099,0.0109,0.00218,0.00218,-0.00065,0.0045,8e-05,0.00018,0.00159,0.01779,-0.00717,0.00114,0.1234,COMPUTED_HCA_5307_vCM_RIDGE_GRN,11.0
Stage1_SingleTF,AR,1,0.4431,0.4425,0.0113,0.006,0.00087,0.00087,0.00203,0.01578,-0.00011,0.02036,-0.00129,0.00992,0.01064,-0.00093,0.1289,COMPUTED_HCA_5307_vCM_RIDGE_GRN,12.0
Stage1_SingleTF,PPARGC1A,1,0.4425,0.2261,0.038,-0.0957,0.00029,0.00029,0.0016,0.00717,-0.00014,0.00318,0.00032,0.00592,0.00651,0.00399,0.132,COMPUTED_HCA_5307_vCM_RIDGE_GRN,13.0
Stage1_SingleTF,ARNT,1,0.4424,0.4555,0.0584,0.0637,-0.00017,-0.00017,0.0016,0.00065,9e-05,0.00028,0.00234,0.00289,7e-05,0.00174,0.1347,COMPUTED_HCA_5307_vCM_RIDGE_GRN,14.0
Stage1_SingleTF,FOXO1,1,0.4369,0.4491,0.0553,0.0655,0.00051,0.00051,0.00121,0.04774,-3e-05,0.0017,-0.0005,-0.00132,0.02731,-0.00036,0.1431,COMPUTED_HCA_5307_vCM_RIDGE_GRN,15.0
Stage1_SingleTF,MEF2A,1,0.4316,0.5767,0.0888,0.1012,0.00011,0.00011,0.00017,-0.00014,-2e-05,0.00082,-2e-05,0.00011,0.06494,0.00389,0.1412,COMPUTED_HCA_5307_vCM_RIDGE_GRN,16.0
Stage1_SingleTF,ESR2,1,0.431,0.4282,0.0192,0.0142,0.00018,0.00018,0.00432,0.03435,-0.0002,0.00135,-1e-05,0.00263,-0.00135,-0.00062,0.1438,COMPUTED_HCA_5307_vCM_RIDGE_GRN,17.0
Stage1_SingleTF,FHL2,1,0.3892,0.6388,0.0279,0.1082,-0.00025,-0.00025,0.00028,0.00283,-0.00014,0.00225,0.0003,0.00672,0.0021,0.00022,0.1534,COMPUTED_HCA_5307_vCM_RIDGE_GRN,18.0
Stage1_SingleTF,THRB,1,0.3795,0.4446,0.0055,-0.0156,0.00052,0.00052,-0.00067,0.0005,1e-05,-7e-05,0.00013,0.0021,0.00619,9e-05,0.1267,COMPUTED_HCA_5307_vCM_RIDGE_GRN,19.0
Stage1_SingleTF,NFE2L2,1,0.3709,0.3848,0.0251,0.0308,-0.00087,-0.00087,0.00055,0.00151,5e-05,0.00294,-0.00036,0.11421,0.01511,0.00368,0.1369,COMPUTED_HCA_5307_vCM_RIDGE_GRN,20.0
Stage1_SingleTF,HDAC4,1,0.3662,0.3793,0.051,0.0448,-0.00088,-0.00088,0.00036,0.00031,-7e-05,0.00019,-8e-05,0.00167,0.0252,-6e-05,0.1351,COMPUTED_HCA_5307_vCM_RIDGE_GRN,21.0
Stage1_SingleTF,SFPQ,1,0.3602,0.4001,0.0185,0.0161,0.00057,0.00057,0.01649,0.00752,-1e-05,0.00197,0.00514,0.00095,-0.00335,0.0037,0.1324,COMPUTED_HCA_5307_vCM_RIDGE_GRN,22.0
Stage1_SingleTF,DMTF1,1,0.3391,0.354,0.0359,0.0383,-0.00108,-0.00108,-0.0025,-0.00033,0.0,0.00033,0.00036,-0.00088,-0.0025,0.00026,0.1369,COMPUTED_HCA_5307_vCM_RIDGE_GRN,23.0
Stage1_SingleTF,RBPJ,1,0.3267,0.3233,0.0172,0.0128,-0.00018,-0.00018,0.00046,0.00127,-8e-05,0.00121,9e-05,0.00606,0.00236,6e-05,0.1337,COMPUTED_HCA_5307_vCM_RIDGE_GRN,24.0
Stage1_SingleTF,ZEB2,1,0.3015,0.3206,-0.0335,-0.0247,0.00086,0.00086,0.00875,0.00069,-1e-05,8e-05,-0.0,-0.00015,0.00092,-0.0,0.1233,COMPUTED_HCA_5307_vCM_RIDGE_GRN,25.0
Stage1_SingleTF,FOXO3,1,0.2944,0.3258,0.0614,0.0466,0.00251,0.00251,0.00162,0.01536,-2e-05,0.00251,-0.00015,-0.00134,0.00721,-0.0001,0.1582,COMPUTED_HCA_5307_vCM_RIDGE_GRN,26.0
Stage1_SingleTF,TFCP2,1,0.2819,0.3065,0.0436,0.048,-0.0003,-0.0003,-0.00015,-0.00023,-0.0,-0.00012,-4e-05,5e-05,0.0004,-3e-05,0.138,COMPUTED_HCA_5307_vCM_RIDGE_GRN,27.0
Stage1_SingleTF,GLI3,1,0.2727,0.2678,0.0277,0.0261,-0.00146,-0.00146,0.00161,-0.0002,-6e-05,1e-05,0.0,0.00054,0.00037,0.0,0.1371,COMPUTED_HCA_5307_vCM_RIDGE_GRN,28.0
Stage1_SingleTF,RARB,1,0.2607,0.2927,0.0365,0.0423,0.00022,0.00022,-2e-05,0.00024,1e-05,2e-05,0.00019,0.00208,5e-05,0.00014,0.1346,COMPUTED_HCA_5307_vCM_RIDGE_GRN,29.0
Stage1_SingleTF,TCF4,1,0.256,0.2526,-0.0448,-0.0436,0.00051,0.00051,-0.00059,0.00103,3e-05,-0.0001,4e-05,-0.00096,-9e-05,3e-05,0.1213,COMPUTED_HCA_5307_vCM_RIDGE_GRN,30.0
Stage1_SingleTF,PPARG,1,0.253,0.2571,0.0162,0.0111,0.00187,0.00187,0.00028,-0.00069,-0.00018,0.00033,-0.00188,-0.00116,0.12303,-0.00138,0.1467,COMPUTED_HCA_5307_vCM_RIDGE_GRN,31.0
Stage1_SingleTF,FOXP1,1,0.2516,0.2346,-0.1105,-0.1319,0.00053,0.00053,0.0053,-0.0013,-1e-05,-0.00079,-0.00019,0.00176,-0.00075,-0.00014,0.1379,COMPUTED_HCA_5307_vCM_RIDGE_GRN,32.0
Stage1_SingleTF,NFAT5,1,0.2408,0.2759,0.0271,0.0204,0.00029,0.00029,-0.00026,-0.00024,-9e-05,0.00105,-0.00022,0.00408,0.00221,-0.00016,0.1368,COMPUTED_HCA_5307_vCM_RIDGE_GRN,33.0
Stage1_SingleTF,MEF2C,1,0.2357,0.3202,0.0663,0.1318,0.00035,0.00035,0.00167,0.00045,3e-05,6e-05,3e-05,-0.00066,0.02268,2e-05,0.1384,COMPUTED_HCA_5307_vCM_RIDGE_GRN,34.0
Stage1_SingleTF,PPARA,1,0.2325,0.2522,0.014,0.0162,-0.0008,-0.0008,0.00044,-1e-05,0.0,-0.00018,-0.00016,-0.00033,0.04461,-0.00012,0.1424,COMPUTED_HCA_5307_vCM_RIDGE_GRN,35.0
Stage1_SingleTF,ID3,1,0.2259,0.2246,0.014,0.0137,-0.00133,-0.00133,-5e-05,0.00086,-8e-05,0.00035,-2e-05,0.00171,0.00015,-1e-05,0.1398,COMPUTED_HCA_5307_vCM_RIDGE_GRN,36.0
Stage1_SingleTF,NRF1,1,0.2176,0.2171,0.0059,-0.0023,-8e-05,-8e-05,-0.00082,0.00075,-0.00012,0.00287,-0.00022,0.00077,0.00047,0.01567,0.1365,COMPUTED_HCA_5307_vCM_RIDGE_GRN,37.0
Stage1_SingleTF,TCF7L2,1,0.1993,0.1997,0.023,0.0215,0.00051,0.00051,0.00755,0.02463,-3e-05,0.00031,1e-05,0.00026,-0.00247,1e-05,0.1391,COMPUTED_HCA_5307_vCM_RIDGE_GRN,38.0
Stage1_SingleTF,HSF1,1,0.1985,0.2235,0.0189,0.0168,-0.00075,-0.00075,0.00025,0.00092,-2e-05,0.00068,0.00016,-0.00013,-0.00124,0.00011,0.1325,COMPUTED_HCA_5307_vCM_RIDGE_GRN,39.0
Stage1_SingleTF,PROX1,1,0.1809,0.187,0.0011,-0.0003,0.00019,0.00019,-0.0001,0.00151,3e-05,7e-05,0.00053,0.00595,-0.00071,0.00038,0.1297,COMPUTED_HCA_5307_vCM_RIDGE_GRN,40.0
Stage1_SingleTF,SMAD1,1,0.1782,0.1808,0.0104,0.0117,-0.00012,-0.00012,0.00191,0.00341,-0.0,2e-05,3e-05,0.00059,0.00217,2e-05,0.1324,COMPUTED_HCA_5307_vCM_RIDGE_GRN,41.0
Stage1_SingleTF,MBD2,1,0.1667,0.179,0.0336,0.0346,-6e-05,-6e-05,4e-05,4e-05,1e-05,0.00021,8e-05,0.00052,-0.00039,6e-05,0.1349,COMPUTED_HCA_5307_vCM_RIDGE_GRN,42.0
Stage1_SingleTF,HDAC9,1,0.1654,0.2184,-0.0109,-0.0236,0.0006,0.0006,0.00188,0.00389,-5e-05,0.00074,0.0,0.00115,0.00922,0.0,0.1316,COMPUTED_HCA_5307_vCM_RIDGE_GRN,43.0
Stage1_SingleTF,HDAC7,1,0.1526,0.1617,0.0097,0.0121,0.00022,0.00022,0.0005,0.00144,3e-05,8e-05,0.00027,0.00264,0.00307,0.00019,0.1307,COMPUTED_HCA_5307_vCM_RIDGE_GRN,44.0
Stage1_SingleTF,HSF2,1,0.1522,0.153,0.0118,0.0096,-0.00011,-0.00011,9e-05,2e-05,-0.0,1e-05,1e-05,0.00012,4e-05,1e-05,0.1359,COMPUTED_HCA_5307_vCM_RIDGE_GRN,45.0
Stage1_SingleTF,STAT5B,1,0.145,0.1496,0.0138,0.0165,-0.00029,-0.00029,0.0002,0.00326,-1e-05,0.00016,0.00019,0.00025,0.00153,0.00014,0.1323,COMPUTED_HCA_5307_vCM_RIDGE_GRN,46.0
Stage1_SingleTF,ATF2,1,0.141,0.1474,0.0124,0.0109,-4e-05,-4e-05,0.00162,-0.00025,2e-05,0.00026,-7e-05,0.00109,0.00663,-5e-05,0.1338,COMPUTED_HCA_5307_vCM_RIDGE_GRN,47.0
Stage1_SingleTF,E2F3,1,0.1404,0.1403,-0.0105,-0.0085,-0.00035,-0.00035,-4e-05,0.01199,0.0,0.00035,8e-05,-0.00019,0.0064,-4e-05,0.1276,COMPUTED_HCA_5307_vCM_RIDGE_GRN,48.0
Stage1_SingleTF,MECP2,1,0.139,0.1507,0.0169,0.0145,-0.00018,-0.00018,0.00013,-0.00011,-0.0,-0.00028,-0.0,0.00043,0.00284,-0.0,0.1348,COMPUTED_HCA_5307_vCM_RIDGE_GRN,49.0
Stage1_SingleTF,HDAC1,1,0.1381,0.138,0.0329,0.0344,-0.00127,-0.00127,-0.00102,-0.00141,1e-05,0.00014,0.00036,0.00149,-0.0032,0.00026,0.1334,COMPUTED_HCA_5307_vCM_RIDGE_GRN,50.0
Stage1_SingleTF,PLAG1,1,0.1285,0.1405,0.02,0.0259,-0.00083,-0.00083,0.00056,-2e-05,0.0,0.00065,-8e-05,0.00048,-0.00876,-6e-05,0.1373,COMPUTED_HCA_5307_vCM_RIDGE_GRN,51.0
Stage1_SingleTF,TBX5,1,0.1165,0.1489,-0.0468,-0.0454,-9e-05,-9e-05,3e-05,0.0,0.0,-8e-05,0.0,0.0,0.0302,0.0,0.1322,COMPUTED_HCA_5307_vCM_RIDGE_GRN,52.0
Stage1_SingleTF,EPAS1,1,0.1162,0.1177,-0.0007,0.0013,0.00111,0.00111,-0.00134,0.00176,1e-05,-5e-05,0.00027,0.00288,-5e-05,0.00019,0.1269,COMPUTED_HCA_5307_vCM_RIDGE_GRN,53.0
Stage1_SingleTF,BRCA1,1,0.1152,0.1175,0.0077,0.0072,-0.00029,-0.00029,0.00108,0.00165,3e-05,0.00037,0.00021,0.00229,-0.00581,0.00141,0.1317,COMPUTED_HCA_5307_vCM_RIDGE_GRN,54.0
Stage1_SingleTF,RORA,1,0.1099,0.1207,0.0023,0.0081,0.00017,0.00017,-0.00019,0.00072,1e-05,6e-05,0.00014,0.00226,0.00361,0.0001,0.1344,COMPUTED_HCA_5307_vCM_RIDGE_GRN,55.0
Stage1_SingleTF,POU2F1,1,0.109,0.123,0.0012,0.0064,0.00015,0.00015,-0.00013,0.00019,-0.0,0.00054,-4e-05,0.0001,0.00217,-3e-05,0.1309,COMPUTED_HCA_5307_vCM_RIDGE_GRN,56.0
Stage1_SingleTF,CLOCK,1,0.107,0.1162,-0.0126,-0.0221,-0.00042,-0.00042,-0.00041,7e-05,-0.00012,0.00012,-4e-05,0.00019,0.00052,-3e-05,0.1337,COMPUTED_HCA_5307_vCM_RIDGE_GRN,57.0
Stage1_SingleTF,SMARCA1,1,0.1056,0.112,0.0071,0.0094,-9e-05,-9e-05,-5e-05,0.00011,0.0,-0.0,5e-05,0.00016,-0.00119,5e-05,0.133,COMPUTED_HCA_5307_vCM_RIDGE_GRN,58.0
Stage1_SingleTF,NCOR2,1,0.105,0.1085,0.0117,0.0132,-0.00032,-0.00032,-0.00051,0.00045,-1e-05,0.00052,-6e-05,0.02388,0.00579,-5e-05,0.1323,COMPUTED_HCA_5307_vCM_RIDGE_GRN,59.0
Stage1_SingleTF,APEX1,1,0.104,0.1091,0.0155,0.0209,-0.0003,-0.0003,6e-05,0.00068,-3e-05,0.00054,8e-05,0.00159,0.00054,6e-05,0.1332,COMPUTED_HCA_5307_vCM_RIDGE_GRN,60.0
Stage1_SingleTF,NR3C1,1,0.1036,0.0984,-0.0949,-0.1059,0.00203,0.00203,0.00181,0.00146,-0.0011,0.00106,0.00027,-0.00063,0.01161,0.00019,0.1295,COMPUTED_HCA_5307_vCM_RIDGE_GRN,61.0
Stage1_SingleTF,NCOA2,1,0.1034,0.1489,-0.0072,0.0039,-0.00049,-0.00049,0.00064,0.00038,-0.0,0.0006,-3e-05,0.00222,0.00425,-3e-05,0.1349,COMPUTED_HCA_5307_vCM_RIDGE_GRN,62.0
Stage1_SingleTF,MAX,1,0.101,0.1268,-0.0119,-0.012,-0.0001,-0.0001,0.0002,0.00042,1e-05,0.00023,0.00023,-5e-05,-0.00073,0.00016,0.1286,COMPUTED_HCA_5307_vCM_RIDGE_GRN,63.0
Stage1_SingleTF,NFYC,1,0.099,0.102,0.0145,0.0147,-0.0007,-0.0007,0.00064,0.00013,-2e-05,6e-05,0.00013,0.0001,0.00024,9e-05,0.1349,COMPUTED_HCA_5307_vCM_RIDGE_GRN,64.0
Stage1_SingleTF,MTA1,1,0.0941,0.0937,0.007,0.0076,6e-05,6e-05,-0.00023,0.00043,1e-05,3e-05,0.00021,0.00184,-0.0004,0.00014,0.1323,COMPUTED_HCA_5307_vCM_RIDGE_GRN,65.0
Stage1_SingleTF,EP300,1,0.0934,0.0995,0.0122,0.008,0.00012,0.00012,0.00263,-0.00025,-0.0,0.00022,3e-05,0.00021,-0.00051,0.00011,0.1339,COMPUTED_HCA_5307_vCM_RIDGE_GRN,66.0
Stage1_SingleTF,THRA,1,0.093,0.0942,-0.0093,-0.0093,3e-05,3e-05,0.00029,0.04681,-7e-05,0.00013,-0.0,-8e-05,0.00084,-0.0,0.1287,COMPUTED_HCA_5307_vCM_RIDGE_GRN,67.0
Stage1_SingleTF,MEF2D,1,0.0915,0.0876,0.0225,0.0243,3e-05,3e-05,-0.0,2e-05,-1e-05,4e-05,-1e-05,0.00037,0.00312,-0.0,0.1306,COMPUTED_HCA_5307_vCM_RIDGE_GRN,68.0
Stage1_SingleTF,TCF12,1,0.0833,0.0823,-0.0125,-0.022,-6e-05,-6e-05,4e-05,-0.00027,-0.00012,5e-05,-0.00026,0.0,-4e-05,-0.00019,0.1335,COMPUTED_HCA_5307_vCM_RIDGE_GRN,69.0
Stage1_SingleTF,KAT2B,1,0.0821,0.0863,0.0023,0.0104,-0.0003,-0.0003,0.00401,0.00053,0.0,0.0004,1e-05,0.00183,0.00018,1e-05,0.132,COMPUTED_HCA_5307_vCM_RIDGE_GRN,70.0
Stage1_SingleTF,ZEB1,1,0.0779,0.0798,0.0046,-0.0148,-0.00101,-0.00101,0.0307,0.00072,0.0,0.00038,-7e-05,0.00028,-0.00035,-5e-05,0.1326,COMPUTED_HCA_5307_vCM_RIDGE_GRN,71.0
Stage1_SingleTF,NCOR1,1,0.076,0.096,0.0105,0.0116,-3e-05,-3e-05,0.00184,0.00092,-6e-05,0.00075,-0.00012,0.00374,0.00568,0.0004,0.1333,COMPUTED_HCA_5307_vCM_RIDGE_GRN,72.0
Stage1_SingleTF,PGR,1,0.0759,0.0893,0.0352,0.0444,-0.00047,-0.00047,0.00994,-7e-05,-2e-05,0.00032,-5e-05,0.0012,5e-05,-3e-05,0.1372,COMPUTED_HCA_5307_vCM_RIDGE_GRN,73.0
Stage1_SingleTF,EWSR1,1,0.0758,0.0768,-0.0218,-0.0248,0.0002,0.0002,-0.0084,0.00038,0.0,-5e-05,5e-05,6e-05,-0.00405,4e-05,0.1284,COMPUTED_HCA_5307_vCM_RIDGE_GRN,74.0
Stage1_SingleTF,PBX1,1,0.0742,0.1763,-0.0002,0.0159,-2e-05,-2e-05,-0.0096,-0.00082,-1e-05,-0.00041,-1e-05,0.00033,0.00055,-0.0,0.1303,COMPUTED_HCA_5307_vCM_RIDGE_GRN,75.0
Stage1_SingleTF,ZNF148,1,0.0676,0.0914,0.0269,0.024,6e-05,6e-05,0.00048,0.00077,-3e-05,0.0001,-4e-05,-0.00322,-8e-05,-3e-05,0.1341,COMPUTED_HCA_5307_vCM_RIDGE_GRN,76.0
Stage1_SingleTF,YAP1,1,0.067,0.0693,0.0082,0.0154,0.00027,0.00027,0.00021,0.0,0.0,0.00028,0.0,0.0,0.00102,0.0,0.1329,COMPUTED_HCA_5307_vCM_RIDGE_GRN,77.0
Stage1_SingleTF,HES1,1,0.0635,0.0601,0.0024,0.003,-0.00067,-0.00067,2e-05,0.00016,-4e-05,-0.00019,-4e-05,0.00026,0.00102,-3e-05,0.1344,COMPUTED_HCA_5307_vCM_RIDGE_GRN,78.0
Stage1_SingleTF,ABL1,1,0.0632,0.0807,0.0074,0.0109,-0.00078,-0.00078,-2e-05,-0.0,-3e-05,7e-05,-2e-05,0.00013,-0.00025,-2e-05,0.135,COMPUTED_HCA_5307_vCM_RIDGE_GRN,79.0
Stage1_SingleTF,REST,1,0.0577,0.0638,0.0164,0.017,6e-05,6e-05,-0.00017,0.00125,-1e-05,0.00195,-0.00014,0.00032,0.00057,-0.0001,0.1302,COMPUTED_HCA_5307_vCM_RIDGE_GRN,80.0
Stage1_SingleTF,NCOA3,1,0.0547,0.0857,-0.0173,-0.0131,0.00097,0.00097,0.00104,0.00143,6e-05,0.00128,3e-05,0.01455,0.0095,-3e-05,0.132,COMPUTED_HCA_5307_vCM_RIDGE_GRN,81.0
Stage1_SingleTF,RB1,1,0.0547,0.0701,-0.0055,-0.0082,9e-05,9e-05,0.00013,0.00352,3e-05,6e-05,0.00043,0.00065,0.00211,0.00038,0.1312,COMPUTED_HCA_5307_vCM_RIDGE_GRN,82.0
Stage1_SingleTF,SIRT1,1,0.0531,0.0554,0.0343,0.0361,0.00038,0.00038,0.00065,0.00026,-1e-05,-0.00071,-0.00015,-0.00128,0.00791,-0.00011,0.1343,COMPUTED_HCA_5307_vCM_RIDGE_GRN,83.0
Stage1_SingleTF,SP4,1,0.0505,0.0551,0.0048,0.004,0.00012,0.00012,-0.00034,0.00069,-0.00044,-0.00026,0.00028,0.00224,-0.00051,0.0002,0.1319,COMPUTED_HCA_5307_vCM_RIDGE_GRN,84.0
Stage1_SingleTF,HBP1,1,0.0482,0.0537,0.0023,0.004,4e-05,4e-05,0.00049,1e-05,1e-05,2e-05,-3e-05,0.00201,0.0003,-2e-05,0.1314,COMPUTED_HCA_5307_vCM_RIDGE_GRN,85.0
Stage1_SingleTF,LRRFIP1,1,0.0468,0.0443,0.0105,0.0015,0.00225,0.00225,0.0,0.0,0.0,0.0,0.0,0.0,0.0,0.0,0.1304,COMPUTED_HCA_5307_vCM_RIDGE_GRN,86.0
Stage1_SingleTF,SREBF2,1,0.0438,0.0538,0.0114,0.0106,-0.00012,-0.00012,0.00031,8e-05,9e-05,6e-05,-3e-05,0.00069,0.00234,-2e-05,0.1317,COMPUTED_HCA_5307_vCM_RIDGE_GRN,87.0
Stage1_SingleTF,SMARCA4,1,0.0432,0.0447,0.0058,0.0058,-0.0003,-0.0003,0.00027,-1e-05,-1e-05,2e-05,0.0,3e-05,8e-05,0.0,0.1331,COMPUTED_HCA_5307_vCM_RIDGE_GRN,88.0
Stage1_SingleTF,NR4A3,1,0.0418,-0.1651,0.0001,-0.0053,0.00157,0.00157,0.0001,-0.00049,-2e-05,4e-05,-0.00039,0.0,0.0255,-0.00028,0.1259,COMPUTED_HCA_5307_vCM_RIDGE_GRN,89.0
Stage1_SingleTF,KAT6A,1,0.0405,0.044,0.0038,-0.0041,3e-05,3e-05,0.00025,1e-05,0.0,5e-05,0.0,0.00022,0.0004,0.0,0.1327,COMPUTED_HCA_5307_vCM_RIDGE_GRN,90.0
Stage1_SingleTF,NSD2,1,0.0385,0.0406,0.0022,0.0007,-0.00025,-0.00025,0.00016,-0.00031,-0.0,3e-05,-0.0,0.0,-1e-05,-0.0,0.1332,COMPUTED_HCA_5307_vCM_RIDGE_GRN,91.0
Stage1_SingleTF,CREB5,1,0.0373,0.0839,0.0024,0.035,-0.0,-0.0,-3e-05,-6e-05,0.0,-1e-05,0.0,-6e-05,0.0,0.0,0.127,COMPUTED_HCA_5307_vCM_RIDGE_GRN,92.0
Stage1_SingleTF,BACH1,1,0.0372,0.0971,0.0106,0.0251,-2e-05,-2e-05,1e-05,0.0,0.0,0.0,0.0,0.0,0.0,0.0,0.1305,COMPUTED_HCA_5307_vCM_RIDGE_GRN,93.0
Stage1_SingleTF,PBRM1,1,0.0366,0.043,0.0035,0.0071,-0.0001,-0.0001,3e-05,0.0,0.0,0.0,0.0,0.00021,0.00075,0.0,0.1325,COMPUTED_HCA_5307_vCM_RIDGE_GRN,94.0
Stage1_SingleTF,HIVEP2,1,0.0357,0.0302,0.0019,-0.0005,0.0003,0.0003,7e-05,-0.00036,-2e-05,3e-05,-0.00029,0.0,0.01861,-0.00021,0.1347,COMPUTED_HCA_5307_vCM_RIDGE_GRN,95.0
Stage1_SingleTF,BCL11A,1,0.0354,0.03,-0.0031,-0.0117,-6e-05,-6e-05,-5e-05,0.0,0.0,0.0,0.0,2e-05,3e-05,0.0,0.1328,COMPUTED_HCA_5307_vCM_RIDGE_GRN,96.0
Stage1_SingleTF,NFIL3,1,0.0335,0.0331,0.0113,0.0113,0.0,0.0,0.00176,-2e-05,1e-05,6e-05,0.00016,0.00022,-0.00021,0.00011,0.1331,COMPUTED_HCA_5307_vCM_RIDGE_GRN,97.0
Stage1_SingleTF,NR2C2,1,0.0316,0.0325,-0.0025,-0.0005,-9e-05,-9e-05,4e-05,-0.00011,-0.0,-1e-05,-0.0,4e-05,0.00389,-0.0,0.1334,COMPUTED_HCA_5307_vCM_RIDGE_GRN,98.0
Stage1_SingleTF,NFIA,1,0.0314,0.0741,0.0045,-0.0037,8e-05,8e-05,6e-05,0.00014,0.0,2e-05,9e-05,0.00031,-0.0008,6e-05,0.1327,COMPUTED_HCA_5307_vCM_RIDGE_GRN,99.0
Stage1_SingleTF,SOX6,1,0.0309,0.1032,0.016,0.0393,2e-05,2e-05,0.00083,-2e-05,-0.0,0.00018,-7e-05,7e-05,0.00626,-5e-05,0.1316,COMPUTED_HCA_5307_vCM_RIDGE_GRN,100.0
Stage1_SingleTF,ZBTB16,1,0.0299,0.1938,-0.0093,0.0034,0.0003,0.0003,-0.00518,-0.00665,-0.00016,-0.00096,-0.00457,-0.00161,0.00873,-0.00328,0.123,COMPUTED_HCA_5307_vCM_RIDGE_GRN,101.0
Stage1_SingleTF,ZNF143,1,0.0293,0.0311,0.0015,0.0003,-0.0,-0.0,-0.0,-0.0,0.0,0.0,0.0,0.0,0.0015,0.0,0.1331,COMPUTED_HCA_5307_vCM_RIDGE_GRN,102.0
Stage1_SingleTF,CREM,1,0.0289,0.0153,-0.012,-0.0174,0.00212,0.00212,-0.001,-0.00029,0.0002,-0.00032,0.00013,-4e-05,0.00483,9e-05,0.1262,COMPUTED_HCA_5307_vCM_RIDGE_GRN,103.0
Stage1_SingleTF,NFIX,1,0.0284,0.0353,0.0023,-0.001,-4e-05,-4e-05,-3e-05,0.0,0.0,9e-05,0.0,-0.00036,-7e-05,0.0,0.1324,COMPUTED_HCA_5307_vCM_RIDGE_GRN,104.0
Stage1_SingleTF,TEAD1,1,0.0244,0.0635,0.0005,-0.0151,0.00065,0.00065,-0.00026,-0.00046,0.0,0.00057,0.0,0.0001,-0.00015,0.0,0.1324,COMPUTED_HCA_5307_vCM_RIDGE_GRN,105.0
Stage1_SingleTF,KDM5A,1,0.0235,0.0407,0.0144,0.019,-0.00021,-0.00021,0.00276,-9e-05,0.0,5e-05,0.0,0.0,-0.00014,0.0,0.1345,COMPUTED_HCA_5307_vCM_RIDGE_GRN,106.0
Stage1_SingleTF,KDM5C,1,0.0208,0.0226,0.0056,0.0073,0.0,0.0,0.0,0.0,0.0,2e-05,0.0,0.0,0.0,0.0,0.1328,COMPUTED_HCA_5307_vCM_RIDGE_GRN,107.0
Stage1_SingleTF,ARID1A,1,0.0207,0.0276,0.0028,0.0046,0.00011,0.00011,-0.00018,0.00014,-0.0,0.00045,-3e-05,4e-05,-0.0004,-2e-05,0.132,COMPUTED_HCA_5307_vCM_RIDGE_GRN,108.0
Stage1_SingleTF,MED1,1,0.0198,0.0219,0.0011,0.0023,1e-05,1e-05,-2e-05,0.00289,-0.0,0.00038,-3e-05,0.0001,8e-05,-2e-05,0.1323,COMPUTED_HCA_5307_vCM_RIDGE_GRN,109.0
Stage1_SingleTF,HIVEP1,1,0.019,0.0239,0.001,0.003,1e-05,1e-05,4e-05,-4e-05,-0.0,-3e-05,-2e-05,-5e-05,0.0001,-1e-05,0.1324,COMPUTED_HCA_5307_vCM_RIDGE_GRN,110.0
Stage1_SingleTF,NCOA1,1,0.0181,0.0222,-0.0135,-0.0349,-0.00092,-0.00092,0.00157,0.00288,-0.00013,0.00157,-0.00011,0.00118,9e-05,-8e-05,0.1355,COMPUTED_HCA_5307_vCM_RIDGE_GRN,111.0
Stage1_SingleTF,GTF2IRD1,1,0.0169,-0.026,-0.0173,-0.0327,0.0,0.0,-4e-05,2e-05,0.0,0.0,2e-05,0.0,5e-05,1e-05,0.1283,COMPUTED_HCA_5307_vCM_RIDGE_GRN,112.0
Stage1_SingleTF,NONO,1,0.0162,0.0178,0.0011,0.002,2e-05,2e-05,0.00401,0.00037,-0.0,0.00063,-5e-05,7e-05,0.00018,-3e-05,0.1323,COMPUTED_HCA_5307_vCM_RIDGE_GRN,113.0
Stage1_SingleTF,MBD1,1,0.0161,0.0186,0.0041,0.0043,6e-05,6e-05,0.0,0.0,0.0,0.0,0.0,0.0,0.0,0.0,0.1326,COMPUTED_HCA_5307_vCM_RIDGE_GRN,114.0
Stage1_SingleTF,MXI1,1,0.0157,0.0298,-0.0075,-0.0107,-6e-05,-6e-05,0.0,0.0,0.0,0.0,0.0,0.0,3e-05,0.0,0.1316,COMPUTED_HCA_5307_vCM_RIDGE_GRN,115.0
Stage1_SingleTF,CREBBP,1,0.0155,0.0189,-0.0014,-0.0145,-6e-05,-6e-05,0.00033,0.00077,1e-05,-1e-05,0.0001,-0.0003,0.00681,0.0001,0.1334,COMPUTED_HCA_5307_vCM_RIDGE_GRN,116.0
Stage1_SingleTF,SMARCA5,1,0.0152,0.0223,0.0012,0.0028,-1e-05,-1e-05,1e-05,0.0,0.0,0.0,0.0,0.0,-0.00047,0.0,0.1329,COMPUTED_HCA_5307_vCM_RIDGE_GRN,117.0
Stage1_SingleTF,NR2C1,1,0.0131,0.0311,0.0009,0.0028,0.0,0.0,4e-05,5e-05,0.0,1e-05,0.0,6e-05,0.00018,0.0,0.1328,COMPUTED_HCA_5307_vCM_RIDGE_GRN,118.0
Stage1_SingleTF,ETV6,1,0.0128,0.0156,0.0003,-0.0016,0.00024,0.00024,-4e-05,-0.00017,-0.0,2e-05,-1e-05,5e-05,-6e-05,-1e-05,0.1332,COMPUTED_HCA_5307_vCM_RIDGE_GRN,119.0
Stage1_SingleTF,ZMYND8,1,0.0121,0.0633,0.0068,0.0114,-0.0005,-0.0005,0.0,0.0,0.0,0.0,0.0,0.0,0.0,0.0,0.1303,COMPUTED_HCA_5307_vCM_RIDGE_GRN,120.0
Stage1_SingleTF,SOX5,1,0.012,0.0274,0.0045,0.0263,-3e-05,-3e-05,0.00033,1e-05,0.0,6e-05,0.0,0.0,1e-05,0.0,0.1354,COMPUTED_HCA_5307_vCM_RIDGE_GRN,121.0
Stage1_SingleTF,TSC22D1,1,0.0118,0.0751,-0.0013,0.0334,-0.0,-0.0,0.0,0.0,0.0,0.0,0.0,0.0,0.0,0.0,0.1333,COMPUTED_HCA_5307_vCM_RIDGE_GRN,122.0
Stage1_SingleTF,SMARCC1,1,0.0111,0.0172,0.001,0.0001,-2e-05,-2e-05,-0.0,0.00023,-0.0,0.00039,-3e-05,4e-05,0.00012,-2e-05,0.1325,COMPUTED_HCA_5307_vCM_RIDGE_GRN,123.0
Stage1_SingleTF,BRD4,1,0.0099,0.0247,0.0022,0.0034,-0.00015,-0.00015,-2e-05,0.0,0.0,-9e-05,0.0,0.0,-2e-05,0.0,0.1324,COMPUTED_HCA_5307_vCM_RIDGE_GRN,124.0
Stage1_SingleTF,RFX1,1,0.0099,0.0106,0.0021,0.0023,-8e-05,-8e-05,-8e-05,-0.0,0.0,1e-05,4e-05,0.0,-0.0003,3e-05,0.1326,COMPUTED_HCA_5307_vCM_RIDGE_GRN,125.0
Stage1_SingleTF,SKIL,1,0.0099,0.0111,0.0081,0.0104,0.00107,0.00107,-0.00041,-0.00056,-1e-05,-6e-05,-3e-05,8e-05,0.00131,-2e-05,0.1328,COMPUTED_HCA_5307_vCM_RIDGE_GRN,126.0
Stage1_SingleTF,CTBP2,1,0.0094,0.0263,-0.0012,-0.0027,-4e-05,-4e-05,0.00025,3e-05,0.0,1e-05,0.0,0.00019,-0.0002,6e-05,0.1312,COMPUTED_HCA_5307_vCM_RIDGE_GRN,127.0
Stage1_SingleTF,DNMT3A,1,0.0091,0.0097,-0.0027,-0.006,2e-05,2e-05,0.00031,0.00043,1e-05,5e-05,1e-05,3e-05,-0.00105,-0.00024,0.1321,COMPUTED_HCA_5307_vCM_RIDGE_GRN,128.0
Stage1_SingleTF,KLF13,1,0.009,0.019,0.0017,-0.0035,-2e-05,-2e-05,0.00036,-1e-05,0.0,0.0,0.0,0.0001,-7e-05,0.0,0.1323,COMPUTED_HCA_5307_vCM_RIDGE_GRN,129.0
Stage1_SingleTF,ZNF91,1,0.0085,0.0553,0.004,-0.0011,0.0,0.0,0.0,0.0,0.0,0.0,0.0,0.0,-0.00016,0.0,0.1334,COMPUTED_HCA_5307_vCM_RIDGE_GRN,130.0
Stage1_SingleTF,BCLAF1,1,0.0079,0.0123,0.0001,-0.0029,-3e-05,-3e-05,-6e-05,-0.00016,-0.0,-3e-05,-7e-05,-0.00041,0.00082,-5e-05,0.1328,COMPUTED_HCA_5307_vCM_RIDGE_GRN,131.0
Stage1_SingleTF,SRSF2,1,0.007,-0.0054,0.0013,0.0072,0.0,0.0,0.0,0.0,0.0,0.0,0.0,0.0,0.0,0.0,0.1347,COMPUTED_HCA_5307_vCM_RIDGE_GRN,132.0
Stage1_SingleTF,SMAD5,1,0.0068,0.0069,-0.001,-0.0031,0.00011,0.00011,-0.00042,-6e-05,-0.0,-8e-05,-2e-05,-6e-05,0.00064,-2e-05,0.1326,COMPUTED_HCA_5307_vCM_RIDGE_GRN,133.0
Stage1_SingleTF,E2F5,1,0.0066,0.0101,0.0004,0.0013,-3e-05,-3e-05,2e-05,4e-05,0.0,2e-05,0.0,0.00016,-0.00026,8e-05,0.1325,COMPUTED_HCA_5307_vCM_RIDGE_GRN,134.0
Stage1_SingleTF,NPAS2,1,0.0062,0.0263,0.0027,0.0244,3e-05,3e-05,0.0,0.0,0.0,0.0,0.0,0.0,0.0,0.0,0.1305,COMPUTED_HCA_5307_vCM_RIDGE_GRN,135.0
Stage1_SingleTF,DEAF1,1,0.0061,0.0084,-0.0002,0.002,0.0,0.0,0.0,0.0,0.0,0.0,0.0,0.0,0.0,0.0,0.1323,COMPUTED_HCA_5307_vCM_RIDGE_GRN,136.0
Stage1_SingleTF,FOXP2,1,0.0061,0.0275,0.0011,-0.0011,0.0,0.0,0.0,0.0,0.0,0.0,0.0,0.0,0.0,0.0,0.1323,COMPUTED_HCA_5307_vCM_RIDGE_GRN,137.0
Stage1_SingleTF,TET1,1,0.0061,0.0093,-0.0002,-0.0004,1e-05,1e-05,0.0,0.0,0.0,0.0,0.0,0.0,0.0,0.0,0.1326,COMPUTED_HCA_5307_vCM_RIDGE_GRN,138.0
Stage1_SingleTF,SMAD2,1,0.0058,0.0097,0.0016,0.0061,-0.00114,-0.00114,0.00024,-6e-05,-0.0,9e-05,-6e-05,-0.0,0.00375,-4e-05,0.131,COMPUTED_HCA_5307_vCM_RIDGE_GRN,139.0
Stage1_SingleTF,KDM5D,1,0.0054,0.0048,0.0011,-0.005,0.00027,0.00027,0.0,0.0,0.0,0.0,0.0,0.0,0.0,0.0,0.1328,COMPUTED_HCA_5307_vCM_RIDGE_GRN,140.0
Stage1_SingleTF,TRPS1,1,0.0053,0.0026,-0.0062,-0.0084,-0.00091,-0.00091,0.00055,-0.00143,-0.0,-5e-05,-8e-05,0.0003,-0.00037,-6e-05,0.1301,COMPUTED_HCA_5307_vCM_RIDGE_GRN,141.0
Stage1_SingleTF,ESRRA,1,0.005,-0.0036,0.0121,0.0097,0.00128,0.00128,0.00098,0.01242,0.0001,0.00082,0.00265,0.00074,-0.00119,0.0019,0.1323,COMPUTED_HCA_5307_vCM_RIDGE_GRN,142.0
Stage1_SingleTF,KDM5B,1,0.0047,0.0044,0.0023,0.0013,9e-05,9e-05,-1e-05,-1e-05,0.0,0.0,0.0,0.0,0.0,0.0,0.1327,COMPUTED_HCA_5307_vCM_RIDGE_GRN,143.0
Stage1_SingleTF,ZNF236,1,0.0046,0.0058,-0.0018,-0.0027,0.0,0.0,0.0,0.0,0.0,0.0,0.0,0.0,0.0,0.0,0.1329,COMPUTED_HCA_5307_vCM_RIDGE_GRN,144.0
Stage1_SingleTF,ZHX2,1,0.0045,0.0057,0.001,-0.0212,-1e-05,-1e-05,-0.0,0.0,2e-05,0.0,0.0,0.0,4e-05,0.0,0.1326,COMPUTED_HCA_5307_vCM_RIDGE_GRN,145.0
Stage1_SingleTF,ZNF76,1,0.0043,0.0002,-0.0,-0.0003,-0.0,-0.0,-1e-05,-0.0,0.0,0.0,0.0,0.0,0.00028,0.0,0.133,COMPUTED_HCA_5307_vCM_RIDGE_GRN,146.0
Stage1_SingleTF,DOT1L,1,0.0036,0.0037,-0.0026,-0.0028,5e-05,5e-05,2e-05,0.0001,0.0,-1e-05,5e-05,6e-05,-4e-05,4e-05,0.1325,COMPUTED_HCA_5307_vCM_RIDGE_GRN,147.0
Stage1_SingleTF,ZBTB4,1,0.0034,0.003,-0.0046,-0.0067,0.00013,0.00013,0.0,0.0,0.0,0.0,0.0,0.0,0.0,0.0,0.1328,COMPUTED_HCA_5307_vCM_RIDGE_GRN,148.0
Stage1_SingleTF,MAFG,1,0.0028,0.005,0.0005,0.0006,1e-05,1e-05,0.0,0.0,0.0,0.0,0.0,0.0,-0.0,0.0,0.1325,COMPUTED_HCA_5307_vCM_RIDGE_GRN,149.0
Stage1_SingleTF,TEAD2,1,0.0025,0.0004,-0.0011,-0.0017,-4e-05,-4e-05,-6e-05,-0.00014,-0.0,-1e-05,-7e-05,-0.00034,0.00066,-5e-05,0.1328,COMPUTED_HCA_5307_vCM_RIDGE_GRN,150.0
Stage1_SingleTF,MZF1,1,0.0021,0.0051,0.0001,-0.0016,0.00012,0.00012,0.0,0.0,0.0,0.0,0.0,0.0,0.0,0.0,0.1325,COMPUTED_HCA_5307_vCM_RIDGE_GRN,151.0
Stage1_SingleTF,MAFK,1,0.002,0.0044,-0.0007,0.0019,-2e-05,-2e-05,0.0,0.0,0.0,0.0,0.0,0.0,0.0,0.0,0.1322,COMPUTED_HCA_5307_vCM_RIDGE_GRN,152.0
Stage1_SingleTF,MEIS1,1,0.0015,-0.0049,-0.007,-0.0135,0.00015,0.00015,1e-05,-4e-05,-0.0,-0.00012,2e-05,0.00011,-6e-05,1e-05,0.133,COMPUTED_HCA_5307_vCM_RIDGE_GRN,153.0
Stage1_SingleTF,KLF7,1,0.0012,0.0044,0.0008,0.003,0.00027,0.00027,0.0,0.0,0.0,0.0,0.0,0.0,0.0,0.0,0.133,COMPUTED_HCA_5307_vCM_RIDGE_GRN,154.0
Stage1_SingleTF,TADA2A,1,0.0012,0.0029,-0.0005,-0.0023,-0.0,-0.0,5e-05,0.0,0.0,0.0,0.0,1e-05,0.0,0.0,0.1325,COMPUTED_HCA_5307_vCM_RIDGE_GRN,155.0
Stage1_SingleTF,ATF6,1,0.0011,-0.0042,-0.0477,-0.0497,0.00115,0.00115,-0.00164,0.00098,4e-05,0.00031,0.0,0.00025,0.05889,0.0,0.1286,COMPUTED_HCA_5307_vCM_RIDGE_GRN,156.0
Stage1_SingleTF,MEIS2,1,0.0009,-0.0783,-0.003,-0.0759,1e-05,1e-05,0.0,0.0,0.0,0.0,0.0,0.0,0.0,0.0,0.1377,COMPUTED_HCA_5307_vCM_RIDGE_GRN,157.0
Stage1_SingleTF,ARID4A,1,0.0005,0.0004,-0.0005,0.0004,-2e-05,-2e-05,0.00028,2e-05,0.0,5e-05,0.0,0.0,2e-05,0.0,0.1326,COMPUTED_HCA_5307_vCM_RIDGE_GRN,158.0
Stage1_SingleTF,MYOCD,1,0.0004,0.0534,0.0001,0.0095,0.0,0.0,0.0,0.0,0.0,0.0,0.0,0.0,0.0,0.0,0.1335,COMPUTED_HCA_5307_vCM_RIDGE_GRN,159.0
Stage1_SingleTF,PHF20,1,0.0003,-0.0023,0.0001,0.0022,-0.0,-0.0,0.0,0.0,0.0,0.0,0.0,0.0,0.0,0.0,0.1322,COMPUTED_HCA_5307_vCM_RIDGE_GRN,160.0
Stage1_SingleTF,ZXDC,1,0.0003,0.0144,-0.0,0.0041,-0.00028,-0.00028,0.0,0.0,0.0,0.0,0.0,0.0,0.0,0.0,0.1324,COMPUTED_HCA_5307_vCM_RIDGE_GRN,161.0
Stage1_SingleTF,NPM1,1,-0.0003,-0.0006,-0.0001,-0.0002,0.00011,0.00011,1e-05,0.0,0.0,-1e-05,0.0,0.0,-0.0,0.0,0.1327,COMPUTED_HCA_5307_vCM_RIDGE_GRN,162.0
Stage1_SingleTF,PARK7,1,-0.0003,-0.0092,0.0001,0.0013,9e-05,9e-05,0.0,0.0,0.0,0.0,0.0,0.0,0.0,0.0,0.1325,COMPUTED_HCA_5307_vCM_RIDGE_GRN,163.0
Stage1_SingleTF,PREB,1,-0.0007,-0.004,0.0004,0.0003,0.00019,0.00019,0.0,0.0,0.0,0.0,0.0,0.0,0.0,0.0,0.1326,COMPUTED_HCA_5307_vCM_RIDGE_GRN,164.0
Stage1_SingleTF,NUPR1,1,-0.0009,-0.0185,-0.0011,-0.0042,8e-05,8e-05,0.00015,-0.00011,-0.0,-1e-05,-3e-05,0.00163,0.00116,-2e-05,0.1324,COMPUTED_HCA_5307_vCM_RIDGE_GRN,165.0
Stage1_SingleTF,ING4,1,-0.001,0.0013,0.0006,-0.0009,-1e-05,-1e-05,6e-05,0.00014,0.0,1e-05,6e-05,0.00033,-0.00063,4e-05,0.1325,COMPUTED_HCA_5307_vCM_RIDGE_GRN,166.0
Stage1_SingleTF,MTA3,1,-0.0014,0.0017,-0.0027,-0.0029,3e-05,3e-05,2e-05,2e-05,0.0,4e-05,0.0,0.00058,0.0002,0.0,0.1324,COMPUTED_HCA_5307_vCM_RIDGE_GRN,167.0
Stage1_SingleTF,STAT2,1,-0.0032,-0.0017,0.0103,0.0109,0.00088,0.00088,0.00028,0.00012,0.00011,-0.00011,-2e-05,0.00031,0.00048,-1e-05,0.1293,COMPUTED_HCA_5307_vCM_RIDGE_GRN,168.0
Stage1_SingleTF,CEBPZ,1,-0.0034,0.0018,0.0002,-0.0011,3e-05,3e-05,-4e-05,0.0,0.0,2e-05,0.0,0.0,0.0,0.0,0.1332,COMPUTED_HCA_5307_vCM_RIDGE_GRN,169.0
Stage1_SingleTF,PURA,1,-0.0038,0.0065,0.0048,0.0092,-1e-05,-1e-05,5e-05,-0.00026,0.0,-0.00045,3e-05,-5e-05,-0.00013,2e-05,0.1337,COMPUTED_HCA_5307_vCM_RIDGE_GRN,170.0
Stage1_SingleTF,SMAD4,1,-0.005,-0.0042,-0.0125,-0.0128,-0.00059,-0.00059,-0.00457,0.00066,1e-05,0.00129,-0.00013,-0.00046,-0.00106,-0.00011,0.1376,COMPUTED_HCA_5307_vCM_RIDGE_GRN,171.0
Stage1_SingleTF,ZBTB17,1,-0.0054,-0.0037,0.0022,0.0028,0.00013,0.00013,9e-05,0.00026,1e-05,2e-05,0.0002,0.00067,-0.00112,0.00014,0.1322,COMPUTED_HCA_5307_vCM_RIDGE_GRN,172.0
Stage1_SingleTF,NFE2L1,1,-0.0057,-0.0022,0.003,0.0058,0.0,0.0,0.0,0.0,0.0,0.0,0.0,0.0,0.0,0.0,0.1321,COMPUTED_HCA_5307_vCM_RIDGE_GRN,173.0
Stage1_SingleTF,HDAC3,1,-0.0095,-0.0005,-0.0011,0.0038,0.00079,0.00079,-0.0002,-5e-05,1e-05,-3e-05,1e-05,-0.00011,5e-05,1e-05,0.1315,COMPUTED_HCA_5307_vCM_RIDGE_GRN,174.0
Stage1_SingleTF,KDM2A,1,-0.0095,0.0069,0.0001,-0.008,9e-05,9e-05,3e-05,0.0,0.0,0.0,0.0,0.0,-0.00054,0.0,0.1321,COMPUTED_HCA_5307_vCM_RIDGE_GRN,175.0
Stage1_SingleTF,HEY2,1,-0.0108,-0.0266,-0.0269,-0.0208,0.00027,0.00027,0.00243,-1e-05,0.0,0.00031,0.0,0.00051,0.00209,0.0,0.1352,COMPUTED_HCA_5307_vCM_RIDGE_GRN,176.0
Stage1_SingleTF,IRF2,1,-0.0112,-0.0132,-0.0056,-0.0013,-0.0,-0.0,-1e-05,0.00036,0.0,6e-05,0.00028,-2e-05,0.00035,0.0002,0.1329,COMPUTED_HCA_5307_vCM_RIDGE_GRN,177.0
Stage1_SingleTF,NFATC2,1,-0.0113,-0.0099,0.0055,0.0063,2e-05,2e-05,-0.00011,-0.00034,-1e-05,-0.00013,-0.00014,-0.00014,-0.00011,-0.0001,0.1306,COMPUTED_HCA_5307_vCM_RIDGE_GRN,178.0
Stage1_SingleTF,LITAF,1,-0.0134,-0.0161,0.0002,0.0016,-0.00082,-0.00082,-1e-05,-1e-05,-0.0,-0.0,-1e-05,-4e-05,7e-05,-0.0,0.133,COMPUTED_HCA_5307_vCM_RIDGE_GRN,179.0
Stage1_SingleTF,ZNF331,1,-0.0134,-0.0305,-0.0013,-0.0126,-8e-05,-8e-05,-0.00014,-0.00032,-1e-05,-3e-05,-0.00014,-0.00074,0.00144,-0.0001,0.1324,COMPUTED_HCA_5307_vCM_RIDGE_GRN,180.0
Stage1_SingleTF,KLF9,1,-0.0138,-0.0058,-0.0026,-0.0043,-3e-05,-3e-05,-0.00061,0.00012,0.0,-2e-05,8e-05,-0.0,-0.0051,6e-05,0.1319,COMPUTED_HCA_5307_vCM_RIDGE_GRN,181.0
Stage1_SingleTF,CREBZF,1,-0.0145,-0.0007,-0.0004,0.0044,2e-05,2e-05,-0.0,1e-05,0.0,-0.0,0.0,-5e-05,0.00102,0.0,0.1323,COMPUTED_HCA_5307_vCM_RIDGE_GRN,182.0
Stage1_SingleTF,TCF7,1,-0.0191,-0.0184,-0.0011,-0.0024,-0.0001,-0.0001,0.00045,-0.0001,-0.0001,2e-05,-0.00013,0.0,-0.00569,-9e-05,0.1325,COMPUTED_HCA_5307_vCM_RIDGE_GRN,183.0
Stage1_SingleTF,SMAD3,1,-0.0202,-0.0178,0.0221,0.027,0.00201,0.00201,-0.00091,0.00311,-0.00014,0.00161,-0.00015,0.00201,-0.00653,-0.0001,0.1259,COMPUTED_HCA_5307_vCM_RIDGE_GRN,184.0
Stage1_SingleTF,SIN3A,1,-0.0223,-0.0197,-0.0086,-0.0085,0.00077,0.00077,0.00029,0.00063,0.0,-7e-05,4e-05,-0.00024,0.00021,3e-05,0.1331,COMPUTED_HCA_5307_vCM_RIDGE_GRN,185.0
Stage1_SingleTF,KMT2A,1,-0.023,-0.0105,-0.0159,-0.0169,0.00084,0.00084,1e-05,-0.00026,6e-05,-8e-05,8e-05,-0.00052,0.00019,6e-05,0.1296,COMPUTED_HCA_5307_vCM_RIDGE_GRN,186.0
Stage1_SingleTF,WWTR1,1,-0.0241,-0.0445,0.0154,0.0038,-1e-05,-1e-05,-3e-05,-1e-05,0.0,0.00011,0.0,0.0,0.00059,0.0,0.1356,COMPUTED_HCA_5307_vCM_RIDGE_GRN,187.0
Stage1_SingleTF,TAF1,1,-0.0249,-0.0194,-0.0081,-0.008,0.00146,0.00146,0.00016,0.00054,-0.0,0.00089,-7e-05,3e-05,0.00137,-5e-05,0.1321,COMPUTED_HCA_5307_vCM_RIDGE_GRN,188.0
Stage1_SingleTF,JARID2,1,-0.0258,-0.0249,-0.0099,-0.0069,6e-05,6e-05,0.0,1e-05,0.0,1e-05,1e-05,0.0,0.0,0.0,0.1315,COMPUTED_HCA_5307_vCM_RIDGE_GRN,189.0
Stage1_SingleTF,NRG1,1,-0.0268,-0.0322,-0.0033,-0.003,0.0,0.0,1e-05,-0.0,0.0,-1e-05,0.0,0.00024,-0.0,0.0,0.1328,COMPUTED_HCA_5307_vCM_RIDGE_GRN,190.0
Stage1_SingleTF,GTF3A,1,-0.0317,-0.0346,-0.0085,-0.0109,-8e-05,-8e-05,-0.0002,0.01136,0.0,-0.00017,0.0,-0.0004,0.0,0.0,0.1328,COMPUTED_HCA_5307_vCM_RIDGE_GRN,191.0
Stage1_SingleTF,NFIB,1,-0.0318,0.0461,-0.0034,0.0017,7e-05,7e-05,-0.00014,-0.00041,-1e-05,-0.00029,-0.0001,0.00031,-8e-05,-7e-05,0.1342,COMPUTED_HCA_5307_vCM_RIDGE_GRN,192.0
Stage1_SingleTF,ZNF382,1,-0.0318,-0.0303,-0.0052,-0.0037,0.00054,0.00054,0.00021,0.00019,2e-05,-5e-05,4e-05,-0.00023,0.00026,3e-05,0.1318,COMPUTED_HCA_5307_vCM_RIDGE_GRN,193.0
Stage1_SingleTF,ETV1,1,-0.0321,-0.0146,-0.0003,0.0095,-5e-05,-5e-05,0.00023,-0.0011,1e-05,-0.00188,0.00014,-0.00019,-0.00055,0.0001,0.133,COMPUTED_HCA_5307_vCM_RIDGE_GRN,194.0
Stage1_SingleTF,TTF1,1,-0.0368,-0.034,-0.0034,-0.0039,-5e-05,-5e-05,-0.00019,-0.00107,-3e-05,-0.00017,-0.0008,-0.00017,0.00015,-0.00058,0.1326,COMPUTED_HCA_5307_vCM_RIDGE_GRN,195.0
Stage1_SingleTF,RXRB,1,-0.0424,-0.0447,-0.0071,-0.007,0.00019,0.00019,9e-05,-9e-05,0.0,-9e-05,0.0,0.00023,-0.00019,0.0,0.1321,COMPUTED_HCA_5307_vCM_RIDGE_GRN,196.0
Stage1_SingleTF,ELF1,1,-0.0468,-0.0063,0.0033,0.0195,-5e-05,-5e-05,0.0003,-0.00062,3e-05,-0.00055,-5e-05,-0.00174,-0.00019,-4e-05,0.1356,COMPUTED_HCA_5307_vCM_RIDGE_GRN,197.0
Stage1_SingleTF,HAND2,1,-0.0494,-0.0388,-0.009,-0.001,0.00016,0.00016,0.00214,-2e-05,0.0,0.00064,0.0,0.00093,0.00428,0.0,0.1358,COMPUTED_HCA_5307_vCM_RIDGE_GRN,198.0
Stage1_SingleTF,TBP,1,-0.0564,-0.0549,-0.008,-0.0056,0.00088,0.00088,-0.00013,-0.0,3e-05,-3e-05,1e-05,-0.0,-0.00017,0.0,0.131,COMPUTED_HCA_5307_vCM_RIDGE_GRN,199.0
Stage1_SingleTF,HDAC5,1,-0.0598,-0.0635,-0.0102,-0.0055,-1e-05,-1e-05,-0.0,7e-05,0.0,-0.0,0.0,0.00024,-0.00656,0.0,0.1324,COMPUTED_HCA_5307_vCM_RIDGE_GRN,200.0
Stage1_SingleTF,GATA6,1,-0.0601,-0.0315,0.0049,0.0227,0.00095,0.00095,0.00575,-0.00019,-1e-05,2e-05,-0.00018,-0.00023,0.0001,-0.00013,0.1346,COMPUTED_HCA_5307_vCM_RIDGE_GRN,201.0
Stage1_SingleTF,CTNNB1,1,-0.0613,-0.0692,-0.0625,-0.0568,0.00387,0.00387,0.00369,0.00056,5e-05,-0.0024,0.00079,0.00392,-0.00423,0.00057,0.1337,COMPUTED_HCA_5307_vCM_RIDGE_GRN,202.0
Stage1_SingleTF,PPARD,1,-0.0628,-0.0618,-0.0037,-0.0017,0.00123,0.00123,-0.00012,-0.00167,-0.0,-9e-05,-7e-05,-0.00025,0.00313,-5e-05,0.1313,COMPUTED_HCA_5307_vCM_RIDGE_GRN,203.0
Stage1_SingleTF,HMGB2,1,-0.0647,-0.0672,-0.011,-0.014,0.00011,0.00011,0.0,0.0,0.0,0.0,0.0,0.0,0.0,0.0,0.1332,COMPUTED_HCA_5307_vCM_RIDGE_GRN,204.0
Stage1_SingleTF,CEBPD,1,-0.066,-0.0623,-0.0376,-0.0357,0.00136,0.00136,-0.00056,0.00485,0.00012,0.00086,0.00372,0.00027,-0.00387,0.00267,0.1269,COMPUTED_HCA_5307_vCM_RIDGE_GRN,205.0
Stage1_SingleTF,NR3C2,1,-0.0665,-0.0791,0.0086,0.0111,4e-05,4e-05,6e-05,0.00082,2e-05,-2e-05,0.00059,-0.00021,-0.00047,0.00042,0.1345,COMPUTED_HCA_5307_vCM_RIDGE_GRN,206.0
Stage1_SingleTF,ENO1,1,-0.0675,-0.0705,-0.005,-0.0059,0.00058,0.00058,-1e-05,-0.00017,4e-05,-0.00011,4e-05,-0.00043,0.00019,3e-05,0.1309,COMPUTED_HCA_5307_vCM_RIDGE_GRN,207.0
Stage1_SingleTF,CUX1,1,-0.0695,-0.0911,-0.0045,-0.0294,-0.00044,-0.00044,0.0003,8e-05,0.0,9e-05,3e-05,-3e-05,-8e-05,2e-05,0.126,COMPUTED_HCA_5307_vCM_RIDGE_GRN,208.0
Stage1_SingleTF,ESRRG,1,-0.0697,-0.0636,-0.0665,-0.0677,0.00067,0.00067,0.00011,0.00256,3e-05,0.00099,0.0005,-0.0002,0.01443,0.00036,0.1396,COMPUTED_HCA_5307_vCM_RIDGE_GRN,209.0
Stage1_SingleTF,ATF4,1,-0.0704,-0.0735,-0.0237,-0.0256,0.00125,0.00125,0.00027,0.00084,4e-05,2e-05,0.0001,0.00853,0.00759,7e-05,0.1296,COMPUTED_HCA_5307_vCM_RIDGE_GRN,210.0
Stage1_SingleTF,GTF2I,1,-0.0873,-0.0423,-0.0053,0.0009,0.00068,0.00068,-0.00046,2e-05,2e-05,-0.00019,0.0,-0.00039,0.00051,0.0,0.1285,COMPUTED_HCA_5307_vCM_RIDGE_GRN,211.0
Stage1_SingleTF,FOSL2,1,-0.1002,-0.1117,-0.0239,-0.0222,0.00256,0.00256,-0.01236,8e-05,-2e-05,-0.00035,9e-05,-0.00018,-0.00937,2e-05,0.1305,COMPUTED_HCA_5307_vCM_RIDGE_GRN,212.0
Stage1_SingleTF,YBX1,1,-0.101,-0.116,-0.0168,-0.0151,0.00043,0.00043,-0.00072,0.00128,-1e-05,0.00203,-0.0001,0.00046,0.00011,-7e-05,0.1313,COMPUTED_HCA_5307_vCM_RIDGE_GRN,213.0
Stage1_SingleTF,KAT5,1,-0.1081,-0.1103,-0.0212,-0.0223,0.00172,0.00172,0.00076,0.00163,0.0,0.00061,3e-05,-0.00062,0.00037,2e-05,0.1334,COMPUTED_HCA_5307_vCM_RIDGE_GRN,214.0
Stage1_SingleTF,HSF4,1,-0.1106,-0.126,-0.0158,-0.0149,0.00019,0.00019,-0.00011,0.00148,3e-05,7e-05,0.00052,0.00583,-0.00069,0.00038,0.1266,COMPUTED_HCA_5307_vCM_RIDGE_GRN,215.0
Stage1_SingleTF,RUNX2,1,-0.1109,-0.1097,-0.0197,-0.0178,-0.0006,-0.0006,0.00575,0.0008,-1e-05,0.00103,-0.00021,-0.00015,-0.00071,-0.00015,0.1326,COMPUTED_HCA_5307_vCM_RIDGE_GRN,216.0
Stage1_SingleTF,ATF1,1,-0.1153,-0.1156,-0.0383,-0.0387,0.00262,0.00262,-0.00153,0.00068,7e-05,-0.00014,0.0002,-0.00081,-0.00384,0.00016,0.1259,COMPUTED_HCA_5307_vCM_RIDGE_GRN,217.0
Stage1_SingleTF,TBX20,1,-0.1166,-0.0232,-0.0058,0.0133,0.00012,0.00012,0.00975,1e-05,0.0,0.00031,3e-05,0.0,-0.00063,2e-05,0.1473,COMPUTED_HCA_5307_vCM_RIDGE_GRN,218.0
Stage1_SingleTF,XBP1,1,-0.1167,-0.1183,-0.0392,-0.0393,0.00035,0.00035,0.00075,0.00055,5e-05,0.0,6e-05,-0.00082,-0.00292,4e-05,0.129,COMPUTED_HCA_5307_vCM_RIDGE_GRN,219.0
Stage1_SingleTF,ZFPM2,1,-0.1204,-0.0793,-0.0448,-0.0611,0.00015,0.00015,0.00293,1e-05,0.0,0.00094,0.0,0.00132,0.00692,0.0,0.1366,COMPUTED_HCA_5307_vCM_RIDGE_GRN,220.0
Stage1_SingleTF,GATA4,1,-0.1613,-0.2543,-0.1095,-0.1571,0.00108,0.00108,0.01439,0.00421,-4e-05,0.00483,-0.00097,0.00834,0.0319,-0.00069,0.1472,COMPUTED_HCA_5307_vCM_RIDGE_GRN,221.0
Stage1_SingleTF,MECOM,1,-0.2227,-0.2259,-0.0264,-0.0286,0.00254,0.00254,-0.00109,0.00068,7e-05,1e-05,0.00046,-0.00017,-0.00059,0.00033,0.1311,COMPUTED_HCA_5307_vCM_RIDGE_GRN,222.0
Stage1_SingleTF,YBX3,1,-0.2406,-0.2556,-0.0285,-0.016,0.00197,0.00197,-0.00131,8e-05,5e-05,-0.00011,0.0,-0.0002,-0.00073,0.0,0.1274,COMPUTED_HCA_5307_vCM_RIDGE_GRN,223.0
Stage1_SingleTF,BCL6,1,-0.2422,-0.2882,-0.0765,-0.0838,0.0064,0.0064,0.00249,0.00675,3e-05,-0.0006,0.00025,0.00139,0.00233,0.00018,0.1337,COMPUTED_HCA_5307_vCM_RIDGE_GRN,224.0
Stage1_SingleTF,RXRA,1,-0.2617,-0.2635,-0.0289,-0.0285,-0.00066,-0.00066,9e-05,-0.00104,-2e-05,7e-05,-0.00047,-0.00577,0.00068,-0.00033,0.1344,COMPUTED_HCA_5307_vCM_RIDGE_GRN,225.0
Stage1_SingleTF,NFATC3,1,-0.2701,-0.2612,-0.0238,-0.0235,0.00223,0.00223,-0.00148,-0.00019,0.00011,-0.00036,7e-05,-0.00094,-0.00092,5e-05,0.1271,COMPUTED_HCA_5307_vCM_RIDGE_GRN,226.0
Stage1_SingleTF,BHLHE40,1,-0.2807,-0.3608,-0.0371,-0.0381,0.00302,0.00302,0.00065,0.002,2e-05,0.00139,0.00033,0.00242,-0.0123,0.00024,0.1192,COMPUTED_HCA_5307_vCM_RIDGE_GRN,227.0
Stage1_SingleTF,DDIT3,1,-0.3164,-0.3295,-0.0307,-0.0318,0.0014,0.0014,0.00026,-0.00057,-0.00016,-0.00011,0.00016,0.00178,-0.00785,0.00012,0.1167,COMPUTED_HCA_5307_vCM_RIDGE_GRN,228.0
Stage1_SingleTF,NKX2-5,1,-0.6189,-0.6369,-0.032,-0.0316,0.001,0.001,0.05677,0.0009,-1e-05,0.0024,-0.00014,0.00178,0.00918,-0.0001,0.1451,COMPUTED_HCA_5307_vCM_RIDGE_GRN,229.0
Stage1_SingleTF,NR4A1,1,-0.6236,-1.0651,-0.0894,-0.1684,0.00381,0.00381,-0.0001,-0.00111,-0.00015,0.00206,1e-05,-0.00079,0.01691,1e-05,0.1107,COMPUTED_HCA_5307_vCM_RIDGE_GRN,230.0
Stage1_SingleTF,STAT3,1,-0.8806,-0.973,-0.1867,-0.1984,-0.00108,0.01358,0.00751,0.01125,-0.00026,-0.0022,-0.00029,0.00124,0.01814,-0.00019,0.141,COMPUTED_HCA_5307_vCM_RIDGE_GRN,231.0
Stage1_SingleTF,KLF6,1,-0.951,-1.044,-0.1356,-0.1365,0.00412,0.00412,3e-05,0.00012,9e-05,-0.00022,0.00037,-0.00031,-0.00701,0.00027,0.1296,COMPUTED_HCA_5307_vCM_RIDGE_GRN,232.0
Stage1_SingleTF,ATF3,1,-1.5231,-1.5434,-0.2109,-0.2091,0.00578,0.00578,-0.00182,-0.0024,0.00019,-0.00069,0.00039,-0.00292,0.00791,0.00028,0.1232,COMPUTED_HCA_5307_vCM_RIDGE_GRN,233.0
Stage1_SingleTF,CEBPB,1,-1.6379,-1.6433,-0.2389,-0.2446,0.00741,0.00741,1e-05,0.00121,0.0002,0.00015,0.00112,-0.00092,0.00849,0.0008,0.1189,COMPUTED_HCA_5307_vCM_RIDGE_GRN,234.0
Stage1_SingleTF,RUNX1,1,-1.9583,-1.9925,-0.2188,-0.2178,0.00202,0.00202,-0.00163,-0.00202,0.00057,-0.00301,0.00089,-0.01156,-0.00762,0.00064,0.1661,COMPUTED_HCA_5307_vCM_RIDGE_GRN,235.0
Stage1_SingleTF,JUN,1,-2.3779,-2.433,-0.2115,-0.2016,0.00318,0.01304,0.00021,-0.00885,0.00056,-0.00334,-0.0005,-0.01662,0.00443,0.00287,0.1318,COMPUTED_HCA_5307_vCM_RIDGE_GRN,236.0
Stage1_SingleTF,JUNB,1,-3.9631,-4.0347,-0.4636,-0.4506,0.01459,0.01459,0.02407,0.00717,0.001,-0.00494,-0.0017,-0.00665,0.02997,-0.00106,0.1342,COMPUTED_HCA_5307_vCM_RIDGE_GRN,237.0
Stage1_SingleTF,FOS,1,-7.2935,-7.3863,-0.9058,-0.9092,0.01961,0.03315,-0.03039,-0.00168,0.00182,-0.00579,-0.00332,-0.01475,-0.01879,-0.00454,0.2024,COMPUTED_HCA_5307_vCM_RIDGE_GRN,238.0
Stage1_Disqualified_Tracking,SIRT6,1,-0.0043,-0.0046,0.0012,0.0024,5e-05,5e-05,8e-05,0.00019,0.0,2e-05,9e-05,0.00045,-0.00088,6e-05,0.1323,COMPUTED_HCA_5307_vCM_RIDGE_GRN,
Stage2_Pairs,NFKB1+MITF,2,3.7385,3.8219,-0.1455,-0.1283,0.00389,0.00389,0.00844,0.02833,-0.00066,0.00856,0.00172,0.03676,0.03066,0.00167,0.1969,COMPUTED_HCA_5307_vCM_RIDGE_GRN,1.0
Stage2_Pairs,MITF+CTCF,2,3.2272,3.3044,-0.1122,-0.0985,0.00465,0.00465,0.00835,0.06956,7e-05,-0.00062,-0.00033,0.064,0.02427,-0.00024,0.2128,COMPUTED_HCA_5307_vCM_RIDGE_GRN,2.0
Stage2_Pairs,NFKB1+HIF1A,2,3.1753,3.2622,0.2153,0.2417,-0.00028,-0.00028,0.00292,0.02817,-0.00071,0.01022,0.00572,0.07091,0.0149,0.00463,0.1481,COMPUTED_HCA_5307_vCM_RIDGE_GRN,3.0
Stage2_Pairs,MITF+HIF1A,2,3.1692,3.3133,-0.1468,-0.1076,0.0049,0.0049,0.00864,0.02241,0.00014,0.00012,0.00431,0.04336,0.01897,0.00321,0.1883,COMPUTED_HCA_5307_vCM_RIDGE_GRN,4.0
Stage2_Pairs,NFKB1+CTCF,2,3.15,3.1699,0.2485,0.2494,-0.00045,-0.00045,0.0027,0.06365,-0.00077,0.00948,0.00149,0.08654,0.0197,0.00147,0.1377,COMPUTED_HCA_5307_vCM_RIDGE_GRN,5.0
Stage2_Pairs,NFKB1+CREB1,2,3.1288,3.1751,0.1084,0.1083,0.00166,0.00166,-0.00131,0.02581,-0.0007,0.0104,0.00215,0.04126,0.02882,0.00355,0.1432,COMPUTED_HCA_5307_vCM_RIDGE_GRN,6.0
Stage2_Pairs,NFKB1+REL,2,3.0532,3.0706,0.204,0.206,-0.00089,-0.00089,4e-05,0.01849,-0.00103,0.01272,0.00146,0.05051,0.02101,0.00149,0.1508,COMPUTED_HCA_5307_vCM_RIDGE_GRN,7.0
Stage2_Pairs,MITF+REL,2,2.8373,2.912,-0.1623,-0.1476,0.00399,0.00399,0.00573,0.01166,-0.00025,0.00329,-0.00044,0.01685,0.02691,-0.00029,0.1819,COMPUTED_HCA_5307_vCM_RIDGE_GRN,8.0
Stage2_Pairs,NFKB1+JUND,2,2.8295,2.8465,0.1441,0.1496,0.00149,0.00149,0.00123,0.01025,-0.00189,0.00934,0.0007,0.04269,0.01381,0.00089,0.1269,COMPUTED_HCA_5307_vCM_RIDGE_GRN,9.0
Stage2_Pairs,CTCF+CREB1,2,2.7468,2.7869,0.1549,0.1513,0.00259,0.00259,-0.0018,0.06685,3e-05,0.00132,0.0001,0.06908,0.02666,0.00164,0.1383,COMPUTED_HCA_5307_vCM_RIDGE_GRN,10.0
Stage2_Pairs,NFKB1+YY1,2,2.7372,2.7537,0.1762,0.1716,-8e-05,-8e-05,-0.00126,0.03019,-0.00082,0.00946,0.0013,0.0783,0.02002,0.00139,0.1357,COMPUTED_HCA_5307_vCM_RIDGE_GRN,11.0
Stage2_Pairs,CTCF+HIF1A,2,2.6744,2.755,0.2746,0.2976,0.00038,0.00038,0.00281,0.0698,3e-05,0.00102,0.00386,0.10224,0.00825,0.00286,0.1321,COMPUTED_HCA_5307_vCM_RIDGE_GRN,12.0
Stage2_Pairs,NFKB1+NFIC,2,2.6605,2.6711,0.1818,0.1751,-0.00219,-0.00219,0.00252,0.02277,-0.00058,0.01116,0.00586,0.0358,0.0103,0.00463,0.1479,COMPUTED_HCA_5307_vCM_RIDGE_GRN,13.0
Stage2_Pairs,NFKB1+SP3,2,2.5732,2.5989,0.1587,0.1615,-0.00115,-0.00115,0.00033,0.02035,-0.00565,0.01002,0.00337,0.04059,0.00614,0.00322,0.1433,COMPUTED_HCA_5307_vCM_RIDGE_GRN,14.0
Stage2_Pairs,MITF+CREB1,2,2.5587,2.6623,-0.2084,-0.1956,0.00626,0.00626,0.00516,0.01671,0.00013,0.00039,0.00033,0.00667,0.03764,0.00183,0.1843,COMPUTED_HCA_5307_vCM_RIDGE_GRN,15.0
Stage2_Pairs,CTCF+REL,2,2.5559,2.5671,0.2595,0.258,-0.00029,-0.00029,-0.00015,0.05898,-0.00036,0.00424,-0.00067,0.07946,0.01591,-0.00048,0.1351,COMPUTED_HCA_5307_vCM_RIDGE_GRN,16.0
Stage2_Pairs,NFKB1+HIPK2,2,2.5051,2.6089,0.1288,0.132,0.00162,0.00162,0.00067,0.02213,-0.00066,0.00969,0.00335,0.05426,0.00586,0.00283,0.139,COMPUTED_HCA_5307_vCM_RIDGE_GRN,17.0
Stage2_Pairs,NFKB1+ARNT,2,2.4889,2.5151,0.1762,0.1836,-0.0007,-0.0007,0.00292,0.01828,-0.00066,0.0098,0.00411,0.03935,0.0131,0.00344,0.1424,COMPUTED_HCA_5307_vCM_RIDGE_GRN,18.0
Stage2_Pairs,MITF+YY1,2,2.4845,2.5582,-0.2078,-0.1996,0.00492,0.00492,0.00448,0.02377,1e-05,-0.00065,-0.00052,0.04479,0.02487,-0.00033,0.1771,COMPUTED_HCA_5307_vCM_RIDGE_GRN,19.0
Stage2_Pairs,NFKB1+FOXO1,2,2.4536,2.4789,0.1728,0.1852,-0.0,-0.0,0.00253,0.06447,-0.00078,0.01097,0.00127,0.03515,0.04034,0.00133,0.149,COMPUTED_HCA_5307_vCM_RIDGE_GRN,20.0
Stage2_Pairs,CREB1+HIF1A,2,2.4428,2.5497,0.0911,0.1131,0.00259,0.00259,-0.00137,0.01801,6e-05,0.00197,0.00402,0.04024,0.02177,0.00457,0.1298,COMPUTED_HCA_5307_vCM_RIDGE_GRN,21.0
Stage2_Pairs,MITF+SP3,2,2.4257,2.5087,-0.2278,-0.2122,0.00384,0.00384,0.00601,0.01404,-0.00573,4e-05,0.00173,0.00574,0.00896,0.00164,0.1726,COMPUTED_HCA_5307_vCM_RIDGE_GRN,22.0
Stage2_Pairs,MITF+NFIC,2,2.4241,2.4919,-0.211,-0.2048,0.00286,0.00286,0.00832,0.01585,0.00025,0.001,0.00404,-0.00037,0.01491,0.00292,0.1721,COMPUTED_HCA_5307_vCM_RIDGE_GRN,23.0
Stage2_Pairs,HIF1A+REL,2,2.4028,2.481,0.2082,0.2323,-6e-05,-6e-05,0.00017,0.0122,-0.00029,0.00497,0.0038,0.05467,0.01082,0.00285,0.1411,COMPUTED_HCA_5307_vCM_RIDGE_GRN,24.0
Stage2_Pairs,MITF+JUND,2,2.3414,2.4157,-0.2402,-0.2218,0.00633,0.00633,0.00688,0.0024,-0.00101,-0.00149,-0.00121,0.00452,0.01761,-0.00089,0.1778,COMPUTED_HCA_5307_vCM_RIDGE_GRN,25.0
Stage2_Pairs,NFKB1+AR,2,2.2829,2.2953,0.1199,0.1168,0.00035,0.00035,0.0034,0.03119,-0.00079,0.02719,0.00046,0.04338,0.02208,0.00075,0.1405,COMPUTED_HCA_5307_vCM_RIDGE_GRN,26.0
Stage2_Pairs,MITF+HIPK2,2,2.2556,2.4168,-0.264,-0.248,0.00677,0.00677,0.00647,0.0152,0.00017,-0.0006,0.00154,0.01809,0.01046,0.00112,0.1792,COMPUTED_HCA_5307_vCM_RIDGE_GRN,27.0
Stage2_Pairs,MITF+AR,2,2.2506,2.3203,-0.2623,-0.2526,0.00542,0.00542,0.00914,0.02648,-2e-05,0.02035,-0.00134,0.01021,0.02827,-0.00095,0.1895,COMPUTED_HCA_5307_vCM_RIDGE_GRN,28.0
Stage2_Pairs,MITF+FOXO1,2,2.2492,2.3318,-0.2233,-0.1981,0.00511,0.00511,0.00833,0.05596,6e-05,0.00092,-0.00055,-0.00102,0.04494,-0.00038,0.1943,COMPUTED_HCA_5307_vCM_RIDGE_GRN,29.0
Stage2_Pairs,MITF+PPARGC1A,2,2.241,2.0949,-0.2334,-0.3521,0.00485,0.00485,0.00871,0.01788,-5e-05,0.0024,0.00027,0.00622,0.02413,0.00396,0.1975,COMPUTED_HCA_5307_vCM_RIDGE_GRN,30.0
Stage2_Pairs,MITF+ARNT,2,2.2388,2.3222,-0.2136,-0.1934,0.00438,0.00438,0.00872,0.01135,0.00017,-0.0005,0.00229,0.00318,0.0177,0.00172,0.1697,COMPUTED_HCA_5307_vCM_RIDGE_GRN,31.0
Stage2_Pairs,CREB1+REL,2,2.215,2.2526,0.0904,0.0879,0.00174,0.00174,-0.0039,0.0091,-0.0003,0.00522,-1e-05,0.02109,0.02486,0.00159,0.1421,COMPUTED_HCA_5307_vCM_RIDGE_GRN,32.0
Stage2_Pairs,NFKB1+PPARGC1A,2,2.1219,1.9186,0.1416,0.0101,-0.00016,-0.00016,0.00252,0.02162,-0.00075,0.01044,0.00177,0.03556,0.01666,0.00545,0.1398,COMPUTED_HCA_5307_vCM_RIDGE_GRN,33.0
Stage2_Pairs,CTCF+JUND,2,2.0963,2.1071,0.1825,0.1846,0.00209,0.00209,0.00104,0.05062,-0.00112,-0.00056,-0.00144,0.06799,0.00661,-0.00109,0.11,COMPUTED_HCA_5307_vCM_RIDGE_GRN,34.0
Stage2_Pairs,CTCF+NFIC,2,2.0467,2.051,0.2261,0.2161,-0.00161,-0.00161,0.00244,0.06401,0.00015,0.00193,0.00381,0.06304,0.00391,0.00272,0.1263,COMPUTED_HCA_5307_vCM_RIDGE_GRN,35.0
Stage2_Pairs,CTCF+SP3,2,2.0174,2.0369,0.2053,0.2046,-0.00062,-0.00062,0.00015,0.06085,-0.00575,0.00097,0.0015,0.06785,-0.00183,0.00144,0.1222,COMPUTED_HCA_5307_vCM_RIDGE_GRN,36.0
Stage2_Pairs,HIF1A+YY1,2,1.9949,2.0721,0.1717,0.1892,0.00076,0.00076,-0.00107,0.02421,-3e-05,0.001,0.00369,0.08299,0.00883,0.00279,0.1277,COMPUTED_HCA_5307_vCM_RIDGE_GRN,37.0
Stage2_Pairs,CREB1+NFIC,2,1.9613,1.992,0.0556,0.0445,0.00081,0.00081,-0.00183,0.01347,0.00021,0.00294,0.00448,0.00503,0.01737,0.0048,0.1313,COMPUTED_HCA_5307_vCM_RIDGE_GRN,38.0
Stage2_Pairs,CREB1+SP3,2,1.9579,2.0038,0.0381,0.0364,0.00179,0.00179,-0.00413,0.01166,-0.00571,0.00198,0.00216,0.01114,0.01128,0.00352,0.1283,COMPUTED_HCA_5307_vCM_RIDGE_GRN,39.0
Stage2_Pairs,CREB1+YY1,2,1.9578,1.9944,0.0524,0.0434,0.0028,0.0028,-0.00545,0.02131,-3e-05,0.00128,-8e-05,0.04978,0.02539,0.00155,0.1229,COMPUTED_HCA_5307_vCM_RIDGE_GRN,40.0
Stage2_Pairs,HIF1A+JUND,2,1.9472,2.0249,0.1307,0.1584,0.00238,0.00238,0.00145,0.0028,-0.00105,0.00015,0.00298,0.04257,0.00159,0.00221,0.1146,COMPUTED_HCA_5307_vCM_RIDGE_GRN,41.0
Stage2_Pairs,HIF1A+NFIC,2,1.8826,1.9539,0.1749,0.1904,-0.00139,-0.00139,0.00277,0.01625,0.00022,0.00264,0.00824,0.03803,-0.00111,0.00602,0.14,COMPUTED_HCA_5307_vCM_RIDGE_GRN,42.0
Stage2_Pairs,HIF1A+SP3,2,1.8804,1.9668,0.1582,0.1831,-0.0004,-0.0004,0.00049,0.01444,-0.00551,0.00169,0.00592,0.04432,-0.00645,0.00474,0.1366,COMPUTED_HCA_5307_vCM_RIDGE_GRN,43.0
Stage2_Pairs,CTCF+HIPK2,2,1.8778,1.9754,0.173,0.1728,0.00227,0.00227,0.00059,0.06336,7e-05,0.00033,0.00131,0.0815,-0.00054,0.00092,0.1192,COMPUTED_HCA_5307_vCM_RIDGE_GRN,44.0
Stage2_Pairs,CTCF+ARNT,2,1.8631,1.883,0.2216,0.2256,-8e-05,-8e-05,0.00284,0.05951,7e-05,0.00043,0.00206,0.06659,0.0067,0.00152,0.1221,COMPUTED_HCA_5307_vCM_RIDGE_GRN,45.0
Stage2_Pairs,REL+YY1,2,1.8593,1.867,0.1559,0.149,5e-05,5e-05,-0.00394,0.0133,-0.00042,0.00423,-0.00086,0.05858,0.01616,-0.00057,0.1359,COMPUTED_HCA_5307_vCM_RIDGE_GRN,46.0
Stage2_Pairs,CTCF+FOXO1,2,1.8577,1.8768,0.2184,0.2274,0.00059,0.00059,0.00245,0.10665,-5e-05,0.00185,-0.00078,0.06239,0.03394,-0.00058,0.1275,COMPUTED_HCA_5307_vCM_RIDGE_GRN,47.0
Stage2_Pairs,CTCF+YY1,2,1.8443,1.8545,0.1886,0.1806,0.00052,0.00052,-0.00124,0.05837,-0.0001,0.00028,-0.00075,0.09388,0.01391,-0.00052,0.118,COMPUTED_HCA_5307_vCM_RIDGE_GRN,48.0
Stage2_Pairs,REL+JUND,2,1.8308,1.8391,0.1179,0.1211,0.00163,0.00163,-0.00159,-0.00735,-0.00144,0.00338,-0.00155,0.02078,0.00925,-0.00113,0.1268,COMPUTED_HCA_5307_vCM_RIDGE_GRN,49.0
Stage2_Pairs,CTCF+AR,2,1.8201,1.8262,0.1691,0.1625,0.00095,0.00095,0.00327,0.07271,-0.00013,0.02047,-0.00157,0.07177,0.01727,-0.00115,0.1238,COMPUTED_HCA_5307_vCM_RIDGE_GRN,50.0
Stage2_Pairs,CTCF+PPARGC1A,2,1.7974,1.5878,0.1904,0.0554,0.00037,0.00037,0.00284,0.06334,-0.00016,0.00334,4e-05,0.06704,0.01314,0.00377,0.126,COMPUTED_HCA_5307_vCM_RIDGE_GRN,51.0
Stage2_Pairs,CREB1+JUND,2,1.7904,1.8276,0.0131,0.0142,0.00424,0.00424,-0.00273,-0.00015,-0.00105,0.00042,-0.00078,0.00887,0.01688,0.00099,0.1182,COMPUTED_HCA_5307_vCM_RIDGE_GRN,52.0
Stage2_Pairs,CREB1+HIPK2,2,1.7868,1.9109,0.003,0.0017,0.00459,0.00459,-0.00368,0.01283,0.00013,0.00135,0.00197,0.02349,0.01288,0.003,0.1251,COMPUTED_HCA_5307_vCM_RIDGE_GRN,53.0
Stage2_Pairs,REL+NFIC,2,1.7807,1.7826,0.1614,0.1524,-0.00209,-0.00209,-0.00019,0.0061,-0.00017,0.00587,0.0037,0.01589,0.00655,0.00268,0.1497,COMPUTED_HCA_5307_vCM_RIDGE_GRN,54.0
Stage2_Pairs,CREB1+PPARGC1A,2,1.7737,1.5905,0.041,-0.0949,0.00278,0.00278,-0.0015,0.0155,-9e-05,0.00427,0.0007,0.01162,0.02572,0.00584,0.1418,COMPUTED_HCA_5307_vCM_RIDGE_GRN,55.0
Stage2_Pairs,CREB1+ARNT,2,1.7696,1.8159,0.05,0.053,0.00234,0.00234,-0.00143,0.00898,0.00013,0.00145,0.00272,0.00859,0.02021,0.0036,0.1272,COMPUTED_HCA_5307_vCM_RIDGE_GRN,56.0
Stage2_Pairs,CREB1+FOXO1,2,1.758,1.8034,0.0465,0.0545,0.00302,0.00302,-0.00182,0.0537,2e-05,0.00287,-0.00012,0.00438,0.04732,0.0015,0.1484,COMPUTED_HCA_5307_vCM_RIDGE_GRN,57.0
Stage2_Pairs,REL+SP3,2,1.7563,1.7734,0.1432,0.1436,-0.00106,-0.00106,-0.00242,0.00423,-0.00576,0.00487,0.00133,0.02186,0.00158,0.00136,0.1454,COMPUTED_HCA_5307_vCM_RIDGE_GRN,58.0
Stage2_Pairs,CREB1+AR,2,1.7562,1.7888,0.0016,-0.006,0.00334,0.00334,-0.00104,0.02424,-6e-05,0.02108,-0.00093,0.01564,0.02994,0.00091,0.1334,COMPUTED_HCA_5307_vCM_RIDGE_GRN,59.0
Stage2_Pairs,HIF1A+FOXO1,2,1.7352,1.8211,0.1742,0.2087,0.0008,0.0008,0.00278,0.05824,2e-05,0.00257,0.00365,0.03921,0.02892,0.00272,0.1331,COMPUTED_HCA_5307_vCM_RIDGE_GRN,60.0
Stage2_Pairs,HIF1A+PPARGC1A,2,1.7283,1.5856,0.1592,0.0498,0.00059,0.00059,0.00317,0.01827,-9e-05,0.00405,0.00446,0.04533,0.00812,0.00707,0.1292,COMPUTED_HCA_5307_vCM_RIDGE_GRN,61.0
Stage2_Pairs,HIF1A+AR,2,1.7096,1.7827,0.124,0.143,0.00117,0.00117,0.00356,0.02705,-6e-05,0.02146,0.00283,0.04887,0.01234,0.00214,0.132,COMPUTED_HCA_5307_vCM_RIDGE_GRN,62.0
Stage2_Pairs,REL+HIPK2,2,1.6111,1.7063,0.1085,0.1093,0.00181,0.00181,-0.00204,0.00546,-0.00025,0.00427,0.00119,0.03435,0.0021,0.00088,0.1349,COMPUTED_HCA_5307_vCM_RIDGE_GRN,63.0
Stage2_Pairs,REL+ARNT,2,1.5969,1.6144,0.1572,0.1622,-0.00055,-0.00055,0.00022,0.00161,-0.00025,0.00437,0.00195,0.01944,0.00934,0.00148,0.145,COMPUTED_HCA_5307_vCM_RIDGE_GRN,64.0
Stage2_Pairs,REL+FOXO1,2,1.5922,1.6088,0.154,0.164,0.00013,0.00013,-0.00017,0.04855,-0.00037,0.00581,-0.00089,0.01524,0.03658,-0.00062,0.1602,COMPUTED_HCA_5307_vCM_RIDGE_GRN,65.0
Stage2_Pairs,REL+AR,2,1.5902,1.5939,0.1097,0.1041,0.00048,0.00048,0.00068,0.01654,-0.00044,0.02419,-0.00166,0.02644,0.01981,-0.00117,0.1418,COMPUTED_HCA_5307_vCM_RIDGE_GRN,66.0
Stage2_Pairs,REL+PPARGC1A,2,1.5823,1.3703,0.1313,-0.0026,-0.0001,-0.0001,0.00026,0.00813,-0.00048,0.0072,-7e-05,0.02248,0.01585,0.00372,0.1472,COMPUTED_HCA_5307_vCM_RIDGE_GRN,67.0
Stage2_Pairs,HIF1A+ARNT,2,1.4999,1.5868,0.1436,0.1732,0.0001,0.0001,0.00253,0.01086,8e-05,0.00099,0.00555,0.03822,0.00239,0.00415,0.1335,COMPUTED_HCA_5307_vCM_RIDGE_GRN,68.0
Stage2_Pairs,YY1+JUND,2,1.3747,1.382,0.0753,0.0719,0.00246,0.00246,-0.00268,0.00372,-0.00118,-0.00058,-0.00163,0.04518,0.00672,-0.00117,0.1067,COMPUTED_HCA_5307_vCM_RIDGE_GRN,69.0
Stage2_Pairs,YY1+NFIC,2,1.3625,1.3634,0.123,0.1074,-0.00123,-0.00123,-0.00143,0.01821,9e-05,0.0019,0.00363,0.04355,0.00451,0.00264,0.1295,COMPUTED_HCA_5307_vCM_RIDGE_GRN,70.0
Stage2_Pairs,YY1+SP3,2,1.3183,1.3343,0.1022,0.096,-0.00028,-0.00028,-0.00362,0.0155,-0.00576,0.00095,0.00132,0.04644,-0.00154,0.00136,0.126,COMPUTED_HCA_5307_vCM_RIDGE_GRN,71.0
Stage2_Pairs,JUND+NFIC,2,1.2483,1.2497,0.0775,0.0721,0.00052,0.00052,0.00069,-0.00394,-0.00096,0.00085,0.00232,0.00356,-0.00227,0.00163,0.1167,COMPUTED_HCA_5307_vCM_RIDGE_GRN,72.0
Stage2_Pairs,JUND+SP3,2,1.2267,1.2433,0.0606,0.0645,0.00144,0.00144,-0.00106,-0.00523,-0.00581,0.0,0.00037,0.00909,-0.00594,0.00062,0.1139,COMPUTED_HCA_5307_vCM_RIDGE_GRN,73.0
Stage2_Pairs,YY1+HIPK2,2,1.1962,1.2904,0.07,0.0643,0.00263,0.00263,-0.00328,0.01756,1e-05,0.00031,0.00112,0.06238,7e-05,0.00084,0.1176,COMPUTED_HCA_5307_vCM_RIDGE_GRN,74.0
Stage2_Pairs,SP3+NFIC,2,1.1848,1.1949,0.1039,0.0957,-0.0022,-0.0022,-0.00025,0.00765,-0.00555,0.00237,0.00522,0.00477,-0.01057,0.00413,0.1405,COMPUTED_HCA_5307_vCM_RIDGE_GRN,75.0
Stage2_Pairs,YY1+ARNT,2,1.1818,1.1983,0.1185,0.1171,0.00029,0.00029,-0.00103,0.01371,1e-05,0.00041,0.00187,0.04754,0.0073,0.00144,0.1254,COMPUTED_HCA_5307_vCM_RIDGE_GRN,76.0
Stage2_Pairs,YY1+PPARGC1A,2,1.1804,0.9674,0.0983,-0.042,0.00075,0.00075,-0.00103,0.02024,-0.00022,0.00331,-0.00015,0.05021,0.01375,0.00368,0.1253,COMPUTED_HCA_5307_vCM_RIDGE_GRN,77.0
Stage2_Pairs,YY1+FOXO1,2,1.1756,1.1912,0.1153,0.1188,0.00097,0.00097,-0.00142,0.06083,-0.00011,0.00183,-0.00096,0.04318,0.03455,-0.00066,0.1338,COMPUTED_HCA_5307_vCM_RIDGE_GRN,78.0
Stage2_Pairs,HIF1A+HIPK2,2,1.1726,1.3372,0.0769,0.1022,0.00164,0.00164,0.00122,0.01106,5e-05,0.00084,0.00412,0.03892,-0.0035,0.00306,0.1285,COMPUTED_HCA_5307_vCM_RIDGE_GRN,79.0
Stage2_Pairs,JUND+HIPK2,2,1.1409,1.2356,0.0293,0.0336,0.00423,0.00423,-0.00082,-0.0038,-0.00101,-0.00054,0.00042,0.02201,-0.00719,0.00027,0.1068,COMPUTED_HCA_5307_vCM_RIDGE_GRN,80.0
Stage2_Pairs,YY1+AR,2,1.1393,1.1421,0.068,0.056,0.00128,0.00128,-0.00049,0.02788,-0.00018,0.02027,-0.00174,0.05153,0.01741,-0.00122,0.1231,COMPUTED_HCA_5307_vCM_RIDGE_GRN,81.0
Stage2_Pairs,JUND+PPARGC1A,2,1.1333,0.9208,0.0612,-0.0691,0.00233,0.00233,0.00144,-0.00113,-0.00124,0.00247,-0.00084,0.01015,0.00649,0.00312,0.1223,COMPUTED_HCA_5307_vCM_RIDGE_GRN,82.0
Stage2_Pairs,JUND+AR,2,1.1296,1.1329,0.031,0.029,0.00291,0.00291,0.00191,0.00726,-0.0012,0.01965,-0.00243,0.0141,0.01051,-0.00178,0.1131,COMPUTED_HCA_5307_vCM_RIDGE_GRN,83.0
Stage2_Pairs,JUND+FOXO1,2,1.1224,1.1385,0.0745,0.0881,0.00255,0.00255,0.00105,0.0397,-0.00113,0.00098,-0.00166,0.00291,0.02729,-0.00123,0.1316,COMPUTED_HCA_5307_vCM_RIDGE_GRN,84.0
Stage2_Pairs,JUND+ARNT,2,1.1207,1.1377,0.0778,0.0864,0.00185,0.00185,0.00141,-0.00765,-0.00101,-0.00044,0.00118,0.00711,5e-05,0.00087,0.1153,COMPUTED_HCA_5307_vCM_RIDGE_GRN,85.0
Stage2_Pairs,SP3+HIPK2,2,1.0835,1.187,0.0558,0.0574,0.00147,0.00147,-0.00174,0.00784,-0.00565,0.00099,0.00337,0.02323,-0.01564,0.0028,0.1277,COMPUTED_HCA_5307_vCM_RIDGE_GRN,86.0
Stage2_Pairs,NFIC+HIPK2,2,1.0832,1.1715,0.0729,0.0651,0.00048,0.00048,0.00055,0.00965,0.00025,0.00195,0.00568,0.01712,-0.00989,0.00408,0.1314,COMPUTED_HCA_5307_vCM_RIDGE_GRN,87.0
Stage2_Pairs,NFIC+PPARGC1A,2,1.0681,0.8492,0.1004,-0.042,-0.00141,-0.00141,0.0028,0.01232,3e-05,0.00496,0.00441,0.00525,0.00378,0.00693,0.1358,COMPUTED_HCA_5307_vCM_RIDGE_GRN,88.0
Stage2_Pairs,SP3+ARNT,2,1.0662,1.092,0.104,0.1099,-0.00087,-0.00087,0.00052,0.00399,-0.00561,0.0011,0.00412,0.00833,-0.00832,0.00341,0.1371,COMPUTED_HCA_5307_vCM_RIDGE_GRN,89.0
Stage2_Pairs,SP3+AR,2,1.064,1.076,0.0569,0.0521,0.00016,0.00016,0.00094,0.01911,-0.0058,0.02089,0.00049,0.01536,0.00226,0.00073,0.1317,COMPUTED_HCA_5307_vCM_RIDGE_GRN,90.0
Stage2_Pairs,SP3+FOXO1,2,1.0632,1.0881,0.1011,0.1119,-0.00019,-0.00019,0.00012,0.05097,-0.00576,0.00252,0.00128,0.00412,0.01884,0.0013,0.1438,COMPUTED_HCA_5307_vCM_RIDGE_GRN,91.0
Stage2_Pairs,NFIC+FOXO1,2,1.0632,1.0729,0.1182,0.1196,-0.00119,-0.00119,0.00242,0.0529,0.00014,0.00347,0.00359,-0.00198,0.02459,0.00258,0.1472,COMPUTED_HCA_5307_vCM_RIDGE_GRN,92.0
Stage2_Pairs,SP3+PPARGC1A,2,1.0584,0.8546,0.0818,-0.0513,-0.00041,-0.00041,0.00053,0.01051,-0.00571,0.004,0.0021,0.01136,-0.0016,0.00565,0.1316,COMPUTED_HCA_5307_vCM_RIDGE_GRN,93.0
Stage2_Pairs,NFIC+ARNT,2,1.0582,1.0688,0.1198,0.1163,-0.00187,-0.00187,0.00281,0.0058,0.00026,0.00205,0.00643,0.00222,-0.00266,0.00469,0.1412,COMPUTED_HCA_5307_vCM_RIDGE_GRN,94.0
Stage2_Pairs,NFIC+AR,2,1.0569,1.0537,0.0737,0.0596,-0.00085,-0.00085,0.00329,0.02061,6e-05,0.0214,0.00284,0.00919,0.00775,0.00204,0.1346,COMPUTED_HCA_5307_vCM_RIDGE_GRN,95.0
Stage2_Pairs,HIPK2+PPARGC1A,2,0.9149,0.7894,0.0558,-0.0769,0.00249,0.00249,0.00095,0.01167,-5e-05,0.00336,0.00191,0.02371,-0.00066,0.00513,0.1247,COMPUTED_HCA_5307_vCM_RIDGE_GRN,96.0
Stage2_Pairs,HIPK2+AR,2,0.903,0.9932,0.0212,0.0169,0.00306,0.00306,0.00138,0.02028,-2e-05,0.02069,0.0003,0.02771,0.00347,0.00021,0.124,COMPUTED_HCA_5307_vCM_RIDGE_GRN,97.0
Stage2_Pairs,HIPK2+FOXO1,2,0.8962,0.9993,0.0651,0.0763,0.0027,0.0027,0.00057,0.05224,6e-05,0.00188,0.00109,0.01648,0.02014,0.00078,0.1308,COMPUTED_HCA_5307_vCM_RIDGE_GRN,98.0
Stage2_Pairs,AR+ARNT,2,0.8903,0.9028,0.0702,0.0702,0.0007,0.0007,0.00363,0.01643,-2e-05,0.02081,0.00105,0.0128,0.0107,0.00082,0.13,COMPUTED_HCA_5307_vCM_RIDGE_GRN,99.0
Stage2_Pairs,PPARGC1A+ARNT,2,0.883,0.6797,0.0955,-0.0328,0.00012,0.00012,0.00321,0.00782,-5e-05,0.00346,0.00266,0.00881,0.00658,0.00573,0.1317,COMPUTED_HCA_5307_vCM_RIDGE_GRN,100.0
Stage2_Pairs,ARNT+FOXO1,2,0.8791,0.9044,0.1137,0.1292,0.00034,0.00034,0.00282,0.04832,6e-05,0.00198,0.00184,0.00157,0.02738,0.00139,0.143,COMPUTED_HCA_5307_vCM_RIDGE_GRN,101.0
Stage2_Pairs,AR+PPARGC1A,2,0.8715,0.6545,0.0513,-0.0877,0.00115,0.00115,0.00363,0.02295,-0.00025,0.02222,-0.00097,0.01584,0.01715,0.00306,0.1354,COMPUTED_HCA_5307_vCM_RIDGE_GRN,102.0
Stage2_Pairs,HIPK2+ARNT,2,0.8697,0.9736,0.0644,0.0707,0.00195,0.00195,0.00096,0.00515,0.00017,0.00046,0.00393,0.02068,-0.0071,0.00288,0.1269,COMPUTED_HCA_5307_vCM_RIDGE_GRN,103.0
Stage2_Pairs,PPARGC1A+FOXO1,2,0.8561,0.6519,0.0993,-0.0241,0.0008,0.0008,0.00271,0.05095,-0.00017,0.00475,-0.00018,0.00461,0.03366,0.00363,0.1533,COMPUTED_HCA_5307_vCM_RIDGE_GRN,104.0
Stage2_Pairs,AR+FOXO1,2,0.8462,0.8578,0.0655,0.0703,0.00133,0.00133,0.00342,0.06266,-0.00013,0.02008,-0.00168,0.00844,0.03749,-0.0012,0.1436,COMPUTED_HCA_5307_vCM_RIDGE_GRN,105.0
Stage3_Triples,NFKB1+MITF+CTCF,3,4.8481,4.9384,-0.0174,-0.0015,0.00398,0.00398,0.00981,0.07435,-0.00068,0.00852,0.00144,0.08684,0.03733,0.00145,0.2315,COMPUTED_HCA_5307_vCM_RIDGE_GRN,
Stage3_Triples,NFKB1+MITF+CREB1,3,4.3345,4.4511,-0.0935,-0.0786,0.00543,0.00543,0.00689,0.03419,-0.00062,0.00945,0.0021,0.04223,0.04642,0.00352,0.2089,COMPUTED_HCA_5307_vCM_RIDGE_GRN,
Stage3_Triples,NFKB1+MITF+HIF1A,3,4.9708,5.128,-0.0353,0.0061,0.0042,0.0042,0.01,0.03948,-0.00062,0.00929,0.00588,0.07526,0.03225,0.00476,0.2185,COMPUTED_HCA_5307_vCM_RIDGE_GRN,
Stage3_Triples,NFKB1+MITF+REL,3,4.6285,4.7163,-0.0474,-0.0304,0.00335,0.00335,0.00716,0.02919,-0.00095,0.01174,0.00141,0.05081,0.03864,0.00147,0.2076,COMPUTED_HCA_5307_vCM_RIDGE_GRN,
Stage3_Triples,NFKB1+MITF+YY1,3,4.374,4.4608,-0.0823,-0.0719,0.00425,0.00425,0.00586,0.04089,-0.00074,0.0085,0.00125,0.07848,0.03766,0.00136,0.2062,COMPUTED_HCA_5307_vCM_RIDGE_GRN,
Stage3_Triples,NFKB1+MITF+JUND,3,4.3779,4.4652,-0.106,-0.0855,0.00565,0.00565,0.00828,0.02095,-0.0018,0.00838,0.00065,0.04298,0.03144,0.00086,0.2066,COMPUTED_HCA_5307_vCM_RIDGE_GRN,
Stage3_Triples,NFKB1+MITF+SP3,3,4.2636,4.3597,-0.1055,-0.0877,0.00327,0.00327,0.00743,0.03105,-0.00565,0.00906,0.00332,0.04089,0.02357,0.0032,0.2009,COMPUTED_HCA_5307_vCM_RIDGE_GRN,
Stage3_Triples,NFKB1+MITF+NFIC,3,4.35,4.4309,-0.0826,-0.0742,0.00223,0.00223,0.00964,0.03348,-0.0005,0.0102,0.00581,0.0361,0.02794,0.00461,0.2017,COMPUTED_HCA_5307_vCM_RIDGE_GRN,
Stage3_Triples,NFKB1+CTCF+CREB1,3,4.2187,4.2718,0.2372,0.2358,0.00174,0.00174,7e-05,0.0715,-0.00072,0.01036,0.00187,0.09101,0.03547,0.00333,0.1577,COMPUTED_HCA_5307_vCM_RIDGE_GRN,
Stage3_Triples,NFKB1+CTCF+HIF1A,3,4.2621,4.3557,0.3433,0.3685,-0.00021,-0.00021,0.0043,0.07403,-0.00073,0.01018,0.00544,0.12051,0.02157,0.00441,0.1564,COMPUTED_HCA_5307_vCM_RIDGE_GRN,
Stage3_Triples,NFKB1+CTCF+REL,3,4.1362,4.1604,0.3319,0.3325,-0.00082,-0.00082,0.00142,0.06386,-0.00105,0.01267,0.00118,0.09995,0.02768,0.00127,0.1539,COMPUTED_HCA_5307_vCM_RIDGE_GRN,
Stage3_Triples,NFKB1+CTCF+YY1,3,3.5308,3.554,0.2726,0.2667,-4e-05,-4e-05,0.00027,0.06316,-0.00084,0.00942,0.00102,0.11442,0.02673,0.00117,0.1397,COMPUTED_HCA_5307_vCM_RIDGE_GRN,
Stage3_Triples,NFKB1+CTCF+JUND,3,3.9012,3.925,0.2716,0.2758,0.00153,0.00153,0.00257,0.05555,-0.00191,0.0093,0.00042,0.09206,0.02048,0.00067,0.1354,COMPUTED_HCA_5307_vCM_RIDGE_GRN,
Stage3_Triples,NFKB1+CTCF+SP3,3,3.6497,3.6822,0.2857,0.2872,-0.00107,-0.00107,0.00171,0.06542,-0.00566,0.00998,0.00309,0.08975,0.01282,0.003,0.1439,COMPUTED_HCA_5307_vCM_RIDGE_GRN,
Stage3_Triples,NFKB1+CTCF+NFIC,3,3.7583,3.7756,0.3116,0.3037,-0.00212,-0.00212,0.0039,0.0688,-0.0006,0.01111,0.00558,0.08587,0.01698,0.00441,0.1486,COMPUTED_HCA_5307_vCM_RIDGE_GRN,
Stage3_Triples,NFKB1+CREB1+HIF1A,3,4.117,4.237,0.1937,0.2179,0.0017,0.0017,0.00039,0.03493,-0.00069,0.01104,0.00559,0.07214,0.0308,0.00612,0.1546,COMPUTED_HCA_5307_vCM_RIDGE_GRN,
Stage3_Triples,NFKB1+CREB1+REL,3,3.8674,3.9181,0.194,0.1936,0.00094,0.00094,-0.00207,0.02648,-0.00099,0.01356,0.00185,0.05413,0.03292,0.00335,0.1572,COMPUTED_HCA_5307_vCM_RIDGE_GRN,
Stage3_Triples,NFKB1+CREB1+YY1,3,3.6995,3.7491,0.1655,0.1587,0.00194,0.00194,-0.00366,0.03829,-0.00078,0.01033,0.00168,0.08257,0.03399,0.00324,0.1451,COMPUTED_HCA_5307_vCM_RIDGE_GRN,
Stage3_Triples,NFKB1+CREB1+JUND,3,3.6739,3.7241,0.1344,0.1376,0.00336,0.00336,-0.00092,0.01827,-0.00184,0.01019,0.00108,0.04642,0.02625,0.00274,0.1396,COMPUTED_HCA_5307_vCM_RIDGE_GRN,
Stage3_Triples,NFKB1+CREB1+SP3,3,3.6484,3.7074,0.1481,0.1486,0.00104,0.00104,-0.00231,0.02853,-0.00563,0.01091,0.00375,0.04538,0.02174,0.00508,0.1483,COMPUTED_HCA_5307_vCM_RIDGE_GRN,
Stage3_Triples,NFKB1+CREB1+NFIC,3,3.7379,3.7817,0.1715,0.1626,-1e-05,-1e-05,-0.00011,0.03096,-0.00054,0.01204,0.00624,0.04059,0.02614,0.00649,0.152,COMPUTED_HCA_5307_vCM_RIDGE_GRN,
Stage3_Triples,NFKB1+HIF1A+REL,3,4.1594,4.2506,0.2969,0.3231,-0.00062,-0.00062,0.00164,0.02917,-0.00099,0.01343,0.00546,0.08401,0.02281,0.00447,0.1596,COMPUTED_HCA_5307_vCM_RIDGE_GRN,
Stage3_Triples,NFKB1+HIF1A+YY1,3,3.8508,3.941,0.271,0.2907,0.00017,0.00017,0.00034,0.04078,-0.00079,0.01017,0.00526,0.11211,0.02188,0.00434,0.1504,COMPUTED_HCA_5307_vCM_RIDGE_GRN,
Stage3_Triples,NFKB1+HIF1A+JUND,3,3.9465,4.0373,0.2381,0.2679,0.00177,0.00177,0.00288,0.0208,-0.00185,0.01004,0.00465,0.07632,0.01568,0.00383,0.1403,COMPUTED_HCA_5307_vCM_RIDGE_GRN,
Stage3_Triples,NFKB1+HIF1A+SP3,3,3.6866,3.7861,0.2546,0.2817,-0.0009,-0.0009,0.00195,0.0309,-0.00544,0.01072,0.00732,0.07498,0.00842,0.00616,0.1552,COMPUTED_HCA_5307_vCM_RIDGE_GRN,
Stage3_Triples,NFKB1+HIF1A+NFIC,3,3.775,3.8593,0.2771,0.2948,-0.00193,-0.00193,0.00413,0.03332,-0.00054,0.01186,0.00981,0.06993,0.01218,0.00757,0.1594,COMPUTED_HCA_5307_vCM_RIDGE_GRN,
Stage3_Triples,NFKB1+REL+YY1,3,3.706,3.7268,0.2586,0.2538,-0.00047,-0.00047,-0.00246,0.03033,-0.00111,0.01266,0.001,0.09004,0.02765,0.00119,0.1502,COMPUTED_HCA_5307_vCM_RIDGE_GRN,
Stage3_Triples,NFKB1+REL+JUND,3,3.8183,3.8396,0.2287,0.2339,0.00109,0.00109,-8e-05,0.01111,-0.00217,0.0125,0.00039,0.05673,0.02179,0.00069,0.1421,COMPUTED_HCA_5307_vCM_RIDGE_GRN,
Stage3_Triples,NFKB1+REL+SP3,3,3.5553,3.5854,0.2429,0.2454,-0.00148,-0.00148,-0.0009,0.02115,-0.00567,0.01321,0.00301,0.0545,0.01478,0.00298,0.1561,COMPUTED_HCA_5307_vCM_RIDGE_GRN,
Stage3_Triples,NFKB1+REL+NFIC,3,3.6618,3.6767,0.2668,0.26,-0.00257,-0.00257,0.00124,0.02363,-0.00087,0.01435,0.00556,0.04984,0.01828,0.00443,0.1609,COMPUTED_HCA_5307_vCM_RIDGE_GRN,
Stage3_Triples,NFKB1+YY1+JUND,3,3.4649,3.4853,0.1972,0.196,0.00189,0.00189,-0.00123,0.02177,-0.00196,0.00929,0.00023,0.08078,0.0203,0.00059,0.1285,COMPUTED_HCA_5307_vCM_RIDGE_GRN,
Stage3_Triples,NFKB1+YY1+SP3,3,3.2125,3.2416,0.2123,0.2083,-0.00074,-0.00074,-0.00215,0.03202,-0.00567,0.00997,0.0029,0.07911,0.01282,0.00292,0.1417,COMPUTED_HCA_5307_vCM_RIDGE_GRN,
Stage3_Triples,NFKB1+YY1+NFIC,3,3.3425,3.3565,0.2391,0.2257,-0.00175,-0.00175,-6e-05,0.03534,-0.00066,0.0111,0.0054,0.07724,0.0173,0.00433,0.1461,COMPUTED_HCA_5307_vCM_RIDGE_GRN,
Stage3_Triples,NFKB1+JUND+SP3,3,3.2695,3.2991,0.1793,0.1855,0.00097,0.00097,0.00045,0.01272,-0.00572,0.00979,0.00205,0.04623,0.00957,0.00224,0.131,COMPUTED_HCA_5307_vCM_RIDGE_GRN,
Stage3_Triples,NFKB1+JUND+NFIC,3,3.3757,3.3901,0.2024,0.1991,-1e-05,-1e-05,0.00209,0.01461,-0.00175,0.01076,0.00418,0.04202,0.01156,0.00339,0.1344,COMPUTED_HCA_5307_vCM_RIDGE_GRN,
Stage3_Triples,NFKB1+SP3+NFIC,3,3.1136,3.1368,0.2165,0.2105,-0.00263,-0.00263,0.00117,0.02467,-0.00547,0.01143,0.00681,0.03992,0.00404,0.0057,0.1526,COMPUTED_HCA_5307_vCM_RIDGE_GRN,
Stage3_Triples,MITF+CTCF+CREB1,3,3.9829,4.0933,-0.0477,-0.0363,0.00636,0.00636,0.0064,0.07523,0.00011,0.00054,5e-05,0.07005,0.04425,0.00161,0.2271,COMPUTED_HCA_5307_vCM_RIDGE_GRN,
Stage3_Triples,MITF+CTCF+HIF1A,3,4.5902,4.7412,0.013,0.051,0.00501,0.00501,0.00988,0.0811,0.00012,0.00027,0.00403,0.10659,0.0256,0.00299,0.237,COMPUTED_HCA_5307_vCM_RIDGE_GRN,
Stage3_Triples,MITF+CTCF+REL,3,4.2507,4.3323,-0.0031,0.0104,0.0041,0.0041,0.00697,0.06968,-0.00027,0.00344,-0.00072,0.07976,0.03354,-0.00051,0.2234,COMPUTED_HCA_5307_vCM_RIDGE_GRN,
Stage3_Triples,MITF+CTCF+YY1,3,3.6011,3.6817,-0.0809,-0.074,0.00501,0.00501,0.00587,0.06907,-1e-05,-0.00049,-0.0008,0.09406,0.03154,-0.00055,0.2132,COMPUTED_HCA_5307_vCM_RIDGE_GRN,
Stage3_Triples,MITF+CTCF+JUND,3,3.7652,3.8463,-0.0786,-0.0615,0.0064,0.0064,0.00808,0.06132,-0.00103,-0.00134,-0.00149,0.06829,0.02425,-0.00111,0.2233,COMPUTED_HCA_5307_vCM_RIDGE_GRN,
Stage3_Triples,MITF+CTCF+SP3,3,3.8279,3.9177,-0.07,-0.0557,0.00395,0.00395,0.00725,0.07155,-0.00575,0.00019,0.00145,0.06815,0.0156,0.00142,0.2157,COMPUTED_HCA_5307_vCM_RIDGE_GRN,
Stage3_Triples,MITF+CTCF+NFIC,3,3.8564,3.931,-0.0492,-0.0443,0.00297,0.00297,0.00956,0.07471,0.00023,0.00115,0.00376,0.06334,0.02154,0.0027,0.2162,COMPUTED_HCA_5307_vCM_RIDGE_GRN,
Stage3_Triples,MITF+CREB1+HIF1A,3,3.7601,3.9374,-0.0989,-0.062,0.00641,0.00641,0.00678,0.02699,0.00016,0.00122,0.00419,0.04459,0.03908,0.0047,0.1988,COMPUTED_HCA_5307_vCM_RIDGE_GRN,
Stage3_Triples,MITF+CREB1+REL,3,3.442,3.55,-0.1116,-0.0991,0.0055,0.0055,0.0043,0.01748,-0.00021,0.00442,-6e-05,0.02205,0.04245,0.00157,0.1951,COMPUTED_HCA_5307_vCM_RIDGE_GRN,
Stage3_Triples,MITF+CREB1+YY1,3,3.1813,3.2882,-0.1487,-0.1427,0.00655,0.00655,0.00275,0.02969,5e-05,0.00051,-0.00014,0.05063,0.04298,0.00153,0.1908,COMPUTED_HCA_5307_vCM_RIDGE_GRN,
Stage3_Triples,MITF+CREB1+JUND,3,2.9792,3.0867,-0.1862,-0.1702,0.0079,0.0079,0.00539,0.00824,-0.00097,-0.00035,-0.00083,0.00984,0.03448,0.00096,0.191,COMPUTED_HCA_5307_vCM_RIDGE_GRN,
Stage3_Triples,MITF+CREB1+SP3,3,3.1863,3.3025,-0.1627,-0.1494,0.00554,0.00554,0.00405,0.02004,-0.00571,0.00121,0.00211,0.01211,0.02868,0.00349,0.1872,COMPUTED_HCA_5307_vCM_RIDGE_GRN,
Stage3_Triples,MITF+CREB1+NFIC,3,3.1886,3.2897,-0.1455,-0.1415,0.00457,0.00457,0.00636,0.02186,0.0003,0.00217,0.00442,0.006,0.03497,0.00477,0.1869,COMPUTED_HCA_5307_vCM_RIDGE_GRN,
Stage3_Triples,MITF+HIF1A+REL,3,4.1948,4.3433,-0.0392,-0.0001,0.00437,0.00437,0.00724,0.0235,-0.00019,0.0042,0.00396,0.05901,0.02818,0.00298,0.1981,COMPUTED_HCA_5307_vCM_RIDGE_GRN,
Stage3_Triples,MITF+HIF1A+YY1,3,3.8492,3.9967,-0.0826,-0.05,0.00529,0.00529,0.006,0.03552,7e-05,0.00025,0.00386,0.08723,0.02618,0.00292,0.1991,COMPUTED_HCA_5307_vCM_RIDGE_GRN,
Stage3_Triples,MITF+HIF1A+JUND,3,3.7132,3.8612,-0.1152,-0.0725,0.00673,0.00673,0.00845,0.01411,-0.00096,-0.00059,0.00314,0.04692,0.01895,0.00234,0.1964,COMPUTED_HCA_5307_vCM_RIDGE_GRN,
Stage3_Triples,MITF+HIF1A+SP3,3,3.7883,3.945,-0.1017,-0.0618,0.00421,0.00421,0.00756,0.02574,-0.0055,0.00094,0.00609,0.04867,0.0107,0.00487,0.1939,COMPUTED_HCA_5307_vCM_RIDGE_GRN,
Stage3_Triples,MITF+HIF1A+NFIC,3,3.7898,3.9313,-0.0851,-0.0547,0.00324,0.00324,0.00984,0.02756,0.00031,0.00189,0.0084,0.04238,0.01624,0.00615,0.1929,COMPUTED_HCA_5307_vCM_RIDGE_GRN,
Stage3_Triples,MITF+REL+YY1,3,3.4928,3.5709,-0.0992,-0.0912,0.00434,0.00434,0.00317,0.02401,-0.00033,0.00343,-0.00091,0.05876,0.0338,-0.00059,0.1893,COMPUTED_HCA_5307_vCM_RIDGE_GRN,
Stage3_Triples,MITF+REL+JUND,3,3.3761,3.4548,-0.1289,-0.1107,0.00575,0.00575,0.00546,0.00335,-0.00135,0.00258,-0.00161,0.02108,0.02689,-0.00116,0.1892,COMPUTED_HCA_5307_vCM_RIDGE_GRN,
Stage3_Triples,MITF+REL+SP3,3,3.4433,3.5307,-0.1177,-0.1023,0.00331,0.00331,0.00468,0.01493,-0.00576,0.00408,0.00128,0.02216,0.01901,0.00133,0.1857,COMPUTED_HCA_5307_vCM_RIDGE_GRN,
Stage3_Triples,MITF+REL+NFIC,3,3.4669,3.5391,-0.0997,-0.0937,0.00229,0.00229,0.00693,0.01681,-9e-05,0.00507,0.00365,0.01619,0.02418,0.00265,0.1858,COMPUTED_HCA_5307_vCM_RIDGE_GRN,
Stage3_Triples,MITF+YY1+JUND,3,2.9823,3.0599,-0.1784,-0.1668,0.00667,0.00667,0.00436,0.01442,-0.00109,-0.00136,-0.00168,0.04537,0.02435,-0.0012,0.1859,COMPUTED_HCA_5307_vCM_RIDGE_GRN,
Stage3_Triples,MITF+YY1+SP3,3,3.0675,3.1539,-0.1656,-0.1568,0.00418,0.00418,0.00348,0.02621,-0.00576,0.00017,0.00126,0.04662,0.01589,0.00133,0.1805,COMPUTED_HCA_5307_vCM_RIDGE_GRN,
Stage3_Triples,MITF+YY1+NFIC,3,3.1108,3.182,-0.145,-0.1455,0.00324,0.00324,0.00568,0.02891,0.00018,0.00113,0.00358,0.04373,0.02215,0.00261,0.1803,COMPUTED_HCA_5307_vCM_RIDGE_GRN,
Stage3_Triples,MITF+JUND+SP3,3,2.8877,2.9746,-0.1988,-0.1799,0.00573,0.00573,0.00598,0.00547,-0.00581,-0.00077,0.00032,0.00938,0.01149,0.00059,0.1798,COMPUTED_HCA_5307_vCM_RIDGE_GRN,
Stage3_Triples,MITF+JUND+NFIC,3,2.9085,2.9802,-0.1821,-0.1726,0.00482,0.00482,0.00774,0.00676,-0.00088,7e-05,0.00226,0.00385,0.01537,0.00161,0.1786,COMPUTED_HCA_5307_vCM_RIDGE_GRN,
Stage3_Triples,MITF+SP3+NFIC,3,2.9866,3.0671,-0.1698,-0.163,0.00235,0.00235,0.00686,0.01835,-0.00555,0.00159,0.00517,0.00507,0.00686,0.00411,0.176,COMPUTED_HCA_5307_vCM_RIDGE_GRN,
Stage3_Triples,CTCF+CREB1+HIF1A,3,3.8437,3.9575,0.2515,0.2722,0.00268,0.00268,-0.00013,0.07636,5e-05,0.00212,0.00374,0.10315,0.02838,0.00435,0.1538,COMPUTED_HCA_5307_vCM_RIDGE_GRN,
Stage3_Triples,CTCF+CREB1+REL,3,3.6084,3.6528,0.2502,0.2465,0.00183,0.00183,-0.00266,0.06678,-0.00031,0.00537,-0.00029,0.08367,0.03147,0.00137,0.1542,COMPUTED_HCA_5307_vCM_RIDGE_GRN,
Stage3_Triples,CTCF+CREB1+YY1,3,3.0544,3.0979,0.1799,0.1696,0.00286,0.00286,-0.00405,0.06628,-5e-05,0.00144,-0.00036,0.09873,0.03204,0.00133,0.1379,COMPUTED_HCA_5307_vCM_RIDGE_GRN,
Stage3_Triples,CTCF+CREB1+JUND,3,3.1943,3.2382,0.1753,0.175,0.00429,0.00429,-0.00153,0.05844,-0.00107,0.00058,-0.00106,0.07231,0.0235,0.00077,0.1387,COMPUTED_HCA_5307_vCM_RIDGE_GRN,
Stage3_Triples,CTCF+CREB1+SP3,3,3.3401,3.3927,0.1965,0.1935,0.00188,0.00188,-0.00289,0.06883,-0.00573,0.00214,0.00188,0.07323,0.0179,0.0033,0.1426,COMPUTED_HCA_5307_vCM_RIDGE_GRN,
Stage3_Triples,CTCF+CREB1+NFIC,3,3.3735,3.411,0.2179,0.2056,0.0009,0.0009,-0.00059,0.07199,0.00019,0.00309,0.0042,0.06842,0.02398,0.00458,0.1456,COMPUTED_HCA_5307_vCM_RIDGE_GRN,
Stage3_Triples,CTCF+HIF1A+REL,3,3.793,3.8779,0.3672,0.39,3e-05,3e-05,0.00141,0.07005,-0.00031,0.00512,0.00352,0.11709,0.01746,0.00263,0.1476,COMPUTED_HCA_5307_vCM_RIDGE_GRN,
Stage3_Triples,CTCF+HIF1A+YY1,3,3.0885,3.1725,0.2984,0.3147,0.00082,0.00082,0.00032,0.06935,-5e-05,0.00115,0.00341,0.13179,0.0155,0.00257,0.1355,COMPUTED_HCA_5307_vCM_RIDGE_GRN,
Stage3_Triples,CTCF+HIF1A+JUND,3,3.3477,3.4322,0.2921,0.3185,0.00243,0.00243,0.00265,0.06155,-0.00107,0.00031,0.0027,0.10586,0.00823,0.00199,0.1284,COMPUTED_HCA_5307_vCM_RIDGE_GRN,
Stage3_Triples,CTCF+HIF1A+SP3,3,3.2593,3.3526,0.3158,0.3394,-0.00031,-0.00031,0.00174,0.07178,-0.00553,0.00184,0.00564,0.10626,0.00019,0.00452,0.1399,COMPUTED_HCA_5307_vCM_RIDGE_GRN,
Stage3_Triples,CTCF+HIF1A+NFIC,3,3.2916,3.3697,0.3365,0.3507,-0.00129,-0.00129,0.00401,0.07494,0.0002,0.0028,0.00796,0.10126,0.00552,0.0058,0.1432,COMPUTED_HCA_5307_vCM_RIDGE_GRN,
Stage3_Triples,CTCF+REL+YY1,3,2.9611,2.9757,0.2841,0.2758,0.00011,0.00011,-0.00255,0.05849,-0.00043,0.00438,-0.00114,0.10774,0.02284,-0.00078,0.1363,COMPUTED_HCA_5307_vCM_RIDGE_GRN,
Stage3_Triples,CTCF+REL+JUND,3,3.2237,3.2388,0.2787,0.2805,0.00169,0.00169,-0.00038,0.05073,-0.00146,0.00353,-0.00183,0.08374,0.01589,-0.00135,0.1306,COMPUTED_HCA_5307_vCM_RIDGE_GRN,
Stage3_Triples,CTCF+REL+SP3,3,3.1277,3.1515,0.3002,0.2993,-0.00097,-0.00097,-0.00118,0.0609,-0.00577,0.00502,0.00105,0.08347,0.00822,0.00114,0.1405,COMPUTED_HCA_5307_vCM_RIDGE_GRN,
Stage3_Triples,CTCF+REL+NFIC,3,3.1822,3.1908,0.3223,0.312,-0.00199,-0.00199,0.00105,0.06412,-0.00019,0.00602,0.00342,0.07879,0.01318,0.00246,0.1448,COMPUTED_HCA_5307_vCM_RIDGE_GRN,
Stage3_Triples,CTCF+YY1+JUND,3,2.494,2.5082,0.2067,0.202,0.00249,0.00249,-0.00133,0.05013,-0.00119,-0.00043,-0.00191,0.09552,0.01339,-0.00139,0.1125,COMPUTED_HCA_5307_vCM_RIDGE_GRN,
Stage3_Triples,CTCF+YY1+SP3,3,2.4128,2.4357,0.2294,0.2219,-0.00022,-0.00022,-0.00223,0.06036,-0.00577,0.0011,0.00103,0.09528,0.00514,0.00114,0.1236,COMPUTED_HCA_5307_vCM_RIDGE_GRN,
Stage3_Triples,CTCF+YY1+NFIC,3,2.4672,2.4749,0.2516,0.2347,-0.00117,-0.00117,-4e-05,0.06352,7e-05,0.00206,0.00335,0.09282,0.01119,0.00242,0.1274,COMPUTED_HCA_5307_vCM_RIDGE_GRN,
Stage3_Triples,CTCF+JUND+SP3,3,2.6084,2.6318,0.2199,0.2226,0.0015,0.0015,0.00015,0.05234,-0.00582,0.00016,9e-05,0.07156,0.0007,0.0004,0.1136,COMPUTED_HCA_5307_vCM_RIDGE_GRN,
Stage3_Triples,CTCF+JUND+NFIC,3,2.6601,2.6683,0.2408,0.234,0.00057,0.00057,0.0019,0.05498,-0.00098,0.001,0.00204,0.06732,0.00437,0.00141,0.1164,COMPUTED_HCA_5307_vCM_RIDGE_GRN,
Stage3_Triples,CTCF+SP3+NFIC,3,2.575,2.5919,0.2634,0.2539,-0.00211,-0.00211,0.00099,0.06516,-0.00556,0.00252,0.00494,0.06718,-0.00393,0.00391,0.1315,COMPUTED_HCA_5307_vCM_RIDGE_GRN,
Stage3_Triples,CREB1+HIF1A+REL,3,3.3338,3.4451,0.1895,0.2113,0.00185,0.00185,-0.00225,0.01891,-0.00027,0.00604,0.00368,0.0559,0.02651,0.00435,0.1449,COMPUTED_HCA_5307_vCM_RIDGE_GRN,
Stage3_Triples,CREB1+HIF1A+YY1,3,3.068,3.1784,0.151,0.1663,0.00289,0.00289,-0.00379,0.03103,-1e-05,0.00209,0.00357,0.0842,0.02709,0.00428,0.1327,COMPUTED_HCA_5307_vCM_RIDGE_GRN,
Stage3_Triples,CREB1+HIF1A+JUND,3,2.9201,3.031,0.1134,0.1387,0.00436,0.00436,-0.00102,0.00954,-0.00103,0.00123,0.00286,0.0438,0.0186,0.0037,0.1247,COMPUTED_HCA_5307_vCM_RIDGE_GRN,
Stage3_Triples,CREB1+HIF1A+SP3,3,3.0546,3.1742,0.1357,0.1583,0.00189,0.00189,-0.00245,0.02134,-0.00552,0.00279,0.0058,0.04555,0.01341,0.00624,0.1361,COMPUTED_HCA_5307_vCM_RIDGE_GRN,
Stage3_Triples,CREB1+HIF1A+NFIC,3,3.0607,3.1652,0.1528,0.166,0.00092,0.00092,-0.00017,0.02315,0.00023,0.00375,0.00812,0.03926,0.01909,0.00752,0.1383,COMPUTED_HCA_5307_vCM_RIDGE_GRN,
Stage3_Triples,CREB1+REL+YY1,3,2.8058,2.8468,0.1475,0.1382,0.00201,0.00201,-0.00623,0.02136,-0.00037,0.00534,-0.00048,0.06258,0.02995,0.00129,0.1403,COMPUTED_HCA_5307_vCM_RIDGE_GRN,
Stage3_Triples,CREB1+REL+JUND,3,2.6632,2.7048,0.1107,0.1116,0.00344,0.00344,-0.00363,0.00063,-0.00139,0.00448,-0.00117,0.02426,0.02169,0.00072,0.1342,COMPUTED_HCA_5307_vCM_RIDGE_GRN,
Stage3_Triples,CREB1+REL+SP3,3,2.8136,2.8638,0.1345,0.1326,0.00105,0.00105,-0.00494,0.01237,-0.00573,0.006,0.00171,0.02639,0.01687,0.00321,0.1457,COMPUTED_HCA_5307_vCM_RIDGE_GRN,
Stage3_Triples,CREB1+REL+NFIC,3,2.8421,2.8772,0.1532,0.1419,4e-05,4e-05,-0.0027,0.01424,-0.00013,0.00699,0.00408,0.02042,0.02218,0.00454,0.1491,COMPUTED_HCA_5307_vCM_RIDGE_GRN,
Stage3_Triples,CREB1+YY1+JUND,3,2.3674,2.4079,0.0689,0.0633,0.0045,0.0045,-0.00502,0.0118,-0.00113,0.00054,-0.00125,0.04931,0.02187,0.00068,0.1179,COMPUTED_HCA_5307_vCM_RIDGE_GRN,
Stage3_Triples,CREB1+YY1+SP3,3,2.5355,2.5848,0.0942,0.0858,0.00206,0.00206,-0.00644,0.02375,-0.00574,0.0021,0.0017,0.05162,0.01644,0.00321,0.1273,COMPUTED_HCA_5307_vCM_RIDGE_GRN,
Stage3_Triples,CREB1+YY1+NFIC,3,2.5816,2.6157,0.1154,0.0975,0.00111,0.00111,-0.00424,0.02646,0.00014,0.00306,0.00401,0.04872,0.02271,0.00449,0.13,COMPUTED_HCA_5307_vCM_RIDGE_GRN,
Stage3_Triples,CREB1+JUND+SP3,3,2.3293,2.3791,0.0539,0.0555,0.00363,0.00363,-0.00362,0.00293,-0.00579,0.00114,0.00075,0.01373,0.01067,0.00247,0.1201,COMPUTED_HCA_5307_vCM_RIDGE_GRN,
Stage3_Triples,CREB1+JUND+NFIC,3,2.355,2.3896,0.0714,0.0636,0.00271,0.00271,-0.00187,0.00422,-0.00092,0.00199,0.0027,0.0082,0.01469,0.00349,0.1217,COMPUTED_HCA_5307_vCM_RIDGE_GRN,
Stage3_Triples,CREB1+SP3+NFIC,3,2.5163,2.5597,0.0962,0.0858,0.00029,0.00029,-0.00329,0.01597,-0.00553,0.00353,0.0056,0.01047,0.00923,0.00599,0.135,COMPUTED_HCA_5307_vCM_RIDGE_GRN,
Stage3_Triples,HIF1A+REL+YY1,3,3.098,3.1795,0.2638,0.2811,0.00038,0.00038,-0.00239,0.02458,-0.00037,0.00511,0.00335,0.09605,0.01769,0.00256,0.1404,COMPUTED_HCA_5307_vCM_RIDGE_GRN,
Stage3_Triples,HIF1A+REL+JUND,3,3.077,3.159,0.2256,0.253,0.002,0.002,2e-05,0.00389,-0.00139,0.00426,0.00264,0.05823,0.0108,0.00198,0.1282,COMPUTED_HCA_5307_vCM_RIDGE_GRN,
Stage3_Triples,HIF1A+REL+SP3,3,2.9931,3.0839,0.2518,0.2765,-0.00073,-0.00073,-0.00084,0.01547,-0.00553,0.00575,0.00552,0.05984,0.00353,0.00447,0.1477,COMPUTED_HCA_5307_vCM_RIDGE_GRN,
Stage3_Triples,HIF1A+REL+NFIC,3,3.0205,3.0961,0.2698,0.2851,-0.00175,-0.00175,0.00137,0.01734,-0.00012,0.00675,0.00789,0.05368,0.0081,0.00579,0.1515,COMPUTED_HCA_5307_vCM_RIDGE_GRN,
Stage3_Triples,HIF1A+YY1+JUND,3,2.6276,2.7087,0.185,0.2059,0.0028,0.0028,-0.00107,0.01487,-0.00113,0.00029,0.00253,0.08289,0.00831,0.00192,0.1159,COMPUTED_HCA_5307_vCM_RIDGE_GRN,
Stage3_Triples,HIF1A+YY1+SP3,3,2.5618,2.6516,0.2128,0.231,3e-05,3e-05,-0.00204,0.02665,-0.00553,0.00182,0.00547,0.08468,0.00046,0.00445,0.135,COMPUTED_HCA_5307_vCM_RIDGE_GRN,
Stage3_Triples,HIF1A+YY1+NFIC,3,2.6093,2.6839,0.2334,0.2422,-0.00092,-0.00092,0.00013,0.02936,0.00014,0.00277,0.00779,0.08162,0.00611,0.00573,0.1381,COMPUTED_HCA_5307_vCM_RIDGE_GRN,
Stage3_Triples,HIF1A+JUND+SP3,3,2.4777,2.568,0.1711,0.1993,0.00179,0.00179,0.00058,0.00587,-0.00559,0.00087,0.00452,0.0473,-0.00392,0.0037,0.1197,COMPUTED_HCA_5307_vCM_RIDGE_GRN,
Stage3_Triples,HIF1A+JUND+NFIC,3,2.5025,2.5776,0.1878,0.2067,0.00087,0.00087,0.00231,0.00716,-0.00091,0.00172,0.00646,0.04159,-0.00065,0.00471,0.1218,COMPUTED_HCA_5307_vCM_RIDGE_GRN,
Stage3_Triples,HIF1A+SP3+NFIC,3,2.4295,2.5134,0.2151,0.2312,-0.00188,-0.00188,0.00134,0.01875,-0.00533,0.00324,0.00936,0.04333,-0.00855,0.00721,0.1459,COMPUTED_HCA_5307_vCM_RIDGE_GRN,
Stage3_Triples,REL+YY1+JUND,3,2.4867,2.4984,0.171,0.1674,0.00203,0.00203,-0.00402,0.00396,-0.00151,0.00352,-0.00202,0.05916,0.01564,-0.00143,0.1241,COMPUTED_HCA_5307_vCM_RIDGE_GRN,
Stage3_Triples,REL+YY1+SP3,3,2.414,2.4344,0.1966,0.1903,-0.00066,-0.00066,-0.00487,0.01568,-0.00578,0.00501,0.00087,0.06039,0.00816,0.00106,0.1406,COMPUTED_HCA_5307_vCM_RIDGE_GRN,
Stage3_Triples,REL+YY1+NFIC,3,2.4826,2.4879,0.2186,0.2029,-0.00165,-0.00165,-0.00274,0.01845,-0.00025,0.006,0.00324,0.05752,0.01344,0.00238,0.1444,COMPUTED_HCA_5307_vCM_RIDGE_GRN,
Stage3_Triples,REL+JUND+SP3,3,2.3482,2.3691,0.1578,0.1615,0.00106,0.00106,-0.00242,-0.00433,-0.00583,0.00407,-8e-05,0.02551,0.0041,0.00031,0.1293,COMPUTED_HCA_5307_vCM_RIDGE_GRN,
Stage3_Triples,REL+JUND+NFIC,3,2.3949,2.4007,0.1759,0.1703,0.0001,0.0001,-0.00072,-0.00298,-0.0013,0.00494,0.00192,0.02011,0.00701,0.00137,0.1323,COMPUTED_HCA_5307_vCM_RIDGE_GRN,
Stage3_Triples,REL+SP3+NFIC,3,2.3145,2.329,0.201,0.1925,-0.00257,-0.00257,-0.00158,0.00855,-0.00557,0.00642,0.00477,0.0212,-0.00052,0.00383,0.1531,COMPUTED_HCA_5307_vCM_RIDGE_GRN,
Stage3_Triples,YY1+JUND+SP3,3,1.8722,1.8922,0.1128,0.11,0.00183,0.00183,-0.00347,0.0059,-0.00583,0.00014,-9e-05,0.0469,0.00048,0.00031,0.1098,COMPUTED_HCA_5307_vCM_RIDGE_GRN,
Stage3_Triples,YY1+JUND+NFIC,3,1.9355,1.9404,0.1334,0.1213,0.00094,0.00094,-0.00182,0.00809,-0.00104,0.00098,0.00185,0.04413,0.00447,0.00133,0.112,COMPUTED_HCA_5307_vCM_RIDGE_GRN,
Stage3_Triples,YY1+SP3+NFIC,3,1.873,1.8865,0.1601,0.1452,-0.00177,-0.00177,-0.00277,0.01982,-0.00557,0.0025,0.00475,0.04538,-0.00364,0.00383,0.134,COMPUTED_HCA_5307_vCM_RIDGE_GRN,
Stage3_Triples,JUND+SP3+NFIC,3,1.7229,1.737,0.1135,0.1087,9e-05,9e-05,-0.00055,-0.0017,-0.00566,0.00134,0.0032,0.00842,-0.00757,0.00265,0.1188,COMPUTED_HCA_5307_vCM_RIDGE_GRN,
Stage3_Quads,NFKB1+MITF+CTCF+HIF1A,4,6.0693,6.2333,0.0912,0.1313,0.00429,0.00429,0.01138,0.08534,-0.00063,0.00925,0.0056,0.12486,0.03892,0.00454,0.2559,COMPUTED_HCA_5307_vCM_RIDGE_GRN,1.0
Stage3_Quads,NFKB1+MITF+HIF1A+REL,4,5.8436,6.0051,0.059,0.1003,0.00368,0.00368,0.00871,0.04048,-0.0009,0.01248,0.00562,0.08836,0.04017,0.00459,0.2272,COMPUTED_HCA_5307_vCM_RIDGE_GRN,2.0
Stage3_Quads,NFKB1+MITF+CTCF+REL,4,5.7232,5.8178,0.0789,0.0945,0.00344,0.00344,0.00854,0.07456,-0.00097,0.01169,0.00113,0.10025,0.04531,0.00125,0.2412,COMPUTED_HCA_5307_vCM_RIDGE_GRN,3.0
Stage3_Quads,NFKB1+MITF+HIF1A+JUND,4,5.6037,5.7648,0.0016,0.0463,0.006,0.006,0.00989,0.03211,-0.00175,0.00911,0.00481,0.08066,0.03303,0.00396,0.2282,COMPUTED_HCA_5307_vCM_RIDGE_GRN,4.0
Stage3_Quads,MITF+CTCF+HIF1A+REL,4,5.5968,5.7521,0.1183,0.1561,0.00448,0.00448,0.00848,0.08136,-0.00021,0.00435,0.00368,0.12144,0.03481,0.00276,0.2453,COMPUTED_HCA_5307_vCM_RIDGE_GRN,5.0
Stage3_Quads,NFKB1+MITF+HIF1A+YY1,4,5.5966,5.7571,0.0262,0.0609,0.00457,0.00457,0.00742,0.05208,-0.00069,0.00924,0.00543,0.11635,0.03923,0.00447,0.2298,COMPUTED_HCA_5307_vCM_RIDGE_GRN,6.0
Stage3_Quads,NFKB1+MITF+HIF1A+NFIC,4,5.5736,5.7282,0.0265,0.0591,0.00256,0.00256,0.0112,0.04463,-0.00045,0.01093,0.00997,0.07427,0.02953,0.0077,0.2247,COMPUTED_HCA_5307_vCM_RIDGE_GRN,7.0
Stage3_Quads,NFKB1+MITF+HIF1A+SP3,4,5.4861,5.6559,0.0042,0.0462,0.00358,0.00358,0.00901,0.04221,-0.00543,0.00979,0.00748,0.07933,0.02557,0.00629,0.2241,COMPUTED_HCA_5307_vCM_RIDGE_GRN,8.0
Stage3_Quads,NFKB1+MITF+CTCF+JUND,4,5.4613,5.5555,0.0199,0.0391,0.00571,0.00571,0.00962,0.06625,-0.00182,0.00834,0.00037,0.09236,0.03811,0.00064,0.2424,COMPUTED_HCA_5307_vCM_RIDGE_GRN,9.0
Stage3_Quads,NFKB1+MITF+CTCF+NFIC,4,5.4595,5.5472,0.0457,0.0527,0.00233,0.00233,0.01102,0.0795,-0.00051,0.01015,0.00553,0.08617,0.03461,0.00439,0.2366,COMPUTED_HCA_5307_vCM_RIDGE_GRN,10.0
Stage3_Quads,NFKB1+MITF+CTCF+CREB1,4,5.4361,5.5596,0.0336,0.0472,0.00552,0.00552,0.00827,0.07988,-0.00064,0.0094,0.00182,0.09198,0.05307,0.0033,0.2433,COMPUTED_HCA_5307_vCM_RIDGE_GRN,11.0
Stage3_Quads,NFKB1+MITF+CREB1+HIF1A,4,5.4159,5.6063,0.0028,0.042,0.00553,0.00553,0.00854,0.04392,-0.0006,0.01011,0.00576,0.07649,0.04811,0.00625,0.2265,COMPUTED_HCA_5307_vCM_RIDGE_GRN,12.0
Stage3_Quads,NFKB1+MITF+CTCF+SP3,4,5.3518,5.4547,0.02,0.0364,0.00336,0.00336,0.00881,0.07613,-0.00566,0.00902,0.00304,0.09004,0.03025,0.00298,0.2352,COMPUTED_HCA_5307_vCM_RIDGE_GRN,13.0
Stage3_Quads,NFKB1+MITF+REL+JUND,4,5.2556,5.3473,-0.0086,0.0117,0.00507,0.00507,0.00697,0.02181,-0.00209,0.01152,0.00034,0.05703,0.03942,0.00066,0.2167,COMPUTED_HCA_5307_vCM_RIDGE_GRN,14.0
Stage3_Quads,NFKB1+MITF+REL+NFIC,4,5.2402,5.3255,0.0154,0.0235,0.00168,0.00168,0.00836,0.03434,-0.00078,0.01337,0.00551,0.05014,0.03591,0.00441,0.2135,COMPUTED_HCA_5307_vCM_RIDGE_GRN,15.0
Stage3_Quads,NFKB1+MITF+REL+YY1,4,5.2318,5.323,0.013,0.0232,0.00369,0.00369,0.00466,0.04103,-0.00103,0.01168,0.00095,0.09022,0.04529,0.00116,0.2167,COMPUTED_HCA_5307_vCM_RIDGE_GRN,16.0
Stage3_Quads,NFKB1+CTCF+HIF1A+REL,4,5.2313,5.3293,0.423,0.4479,-0.00055,-0.00055,0.00302,0.07438,-0.00101,0.01338,0.00518,0.13298,0.02948,0.00425,0.1706,COMPUTED_HCA_5307_vCM_RIDGE_GRN,17.0
Stage3_Quads,MITF+CTCF+HIF1A+NFIC,4,5.2106,5.359,0.0748,0.1041,0.00335,0.00335,0.01108,0.08625,0.00029,0.00205,0.00812,0.10561,0.02287,0.00593,0.242,COMPUTED_HCA_5307_vCM_RIDGE_GRN,18.0
Stage3_Quads,NFKB1+CTCF+CREB1+HIF1A,4,5.1957,5.3226,0.3208,0.3436,0.00177,0.00177,0.00177,0.08046,-0.00071,0.011,0.00531,0.12142,0.03745,0.0059,0.1751,COMPUTED_HCA_5307_vCM_RIDGE_GRN,19.0
Stage3_Quads,NFKB1+MITF+CTCF+YY1,4,5.1792,5.2728,0.0125,0.0217,0.00432,0.00432,0.00739,0.07387,-0.00076,0.00846,0.00097,0.11461,0.04437,0.00114,0.2326,COMPUTED_HCA_5307_vCM_RIDGE_GRN,20.0
Stage3_Quads,MITF+CTCF+HIF1A+SP3,4,5.179,5.3426,0.0543,0.0929,0.00432,0.00432,0.0088,0.08309,-0.00552,0.00109,0.00581,0.1106,0.01734,0.00465,0.2418,COMPUTED_HCA_5307_vCM_RIDGE_GRN,21.0
Stage3_Quads,MITF+CTCF+CREB1+HIF1A,4,5.1729,5.3571,0.06,0.0957,0.00652,0.00652,0.00802,0.08535,0.00014,0.00138,0.00391,0.1075,0.04569,0.00448,0.2467,COMPUTED_HCA_5307_vCM_RIDGE_GRN,22.0
Stage3_Quads,NFKB1+MITF+REL+SP3,4,5.1347,5.2351,-0.0084,0.0092,0.00275,0.00275,0.0062,0.03185,-0.00567,0.01223,0.00295,0.0548,0.03221,0.00296,0.2122,COMPUTED_HCA_5307_vCM_RIDGE_GRN,23.0
Stage3_Quads,MITF+CTCF+HIF1A+JUND,4,5.1255,5.2804,0.0447,0.086,0.00681,0.00681,0.00965,0.07286,-0.00097,-0.00044,0.00286,0.11021,0.02558,0.00212,0.2472,COMPUTED_HCA_5307_vCM_RIDGE_GRN,24.0
Stage3_Quads,NFKB1+MITF+CREB1+REL,4,5.0758,5.1968,-0.009,0.0057,0.00471,0.00471,0.00613,0.03487,-0.00091,0.01258,0.00179,0.0551,0.05051,0.00332,0.218,COMPUTED_HCA_5307_vCM_RIDGE_GRN,25.0
Stage3_Quads,NFKB1+CTCF+HIF1A+JUND,4,5.0071,5.1046,0.3638,0.3924,0.00181,0.00181,0.00422,0.06593,-0.00187,0.01,0.00437,0.12521,0.02235,0.00361,0.1568,COMPUTED_HCA_5307_vCM_RIDGE_GRN,26.0
Stage3_Quads,NFKB1+MITF+YY1+NFIC,4,4.9824,5.0667,-0.0194,-0.0178,0.0026,0.0026,0.00706,0.04604,-0.00057,0.01014,0.00534,0.07742,0.03493,0.00431,0.2115,COMPUTED_HCA_5307_vCM_RIDGE_GRN,27.0
Stage3_Quads,NFKB1+MITF+YY1+JUND,4,4.9639,5.0546,-0.047,-0.0333,0.00597,0.00597,0.00581,0.03248,-0.00188,0.00833,0.00018,0.08096,0.03794,0.00056,0.2164,COMPUTED_HCA_5307_vCM_RIDGE_GRN,28.0
Stage3_Quads,MITF+CTCF+HIF1A+YY1,4,4.9545,5.1088,0.0426,0.0739,0.00537,0.00537,0.0074,0.08066,5e-05,0.0004,0.00358,0.13603,0.03286,0.0027,0.2387,COMPUTED_HCA_5307_vCM_RIDGE_GRN,29.0
Stage3_Quads,NFKB1+MITF+CREB1+NFIC,4,4.9466,5.0607,-0.0305,-0.0244,0.00377,0.00377,0.00809,0.03934,-0.00045,0.01108,0.00619,0.04156,0.04374,0.00646,0.2137,COMPUTED_HCA_5307_vCM_RIDGE_GRN,30.0
Stage3_Quads,NFKB1+CTCF+CREB1+REL,4,4.9424,4.9999,0.3208,0.3192,0.00101,0.00101,-0.00069,0.07152,-0.00101,0.01351,0.00157,0.10325,0.03957,0.00313,0.171,COMPUTED_HCA_5307_vCM_RIDGE_GRN,31.0
Stage3_Quads,NFKB1+MITF+JUND+NFIC,4,4.9271,5.0119,-0.0478,-0.0361,0.00416,0.00416,0.00914,0.02532,-0.00167,0.00981,0.00413,0.04232,0.0292,0.00336,0.2098,COMPUTED_HCA_5307_vCM_RIDGE_GRN,32.0
Stage3_Quads,NFKB1+HIF1A+REL+JUND,4,4.9183,5.0134,0.3189,0.3485,0.0014,0.0014,0.00156,0.0218,-0.00213,0.01321,0.00439,0.08942,0.02359,0.00366,0.1541,COMPUTED_HCA_5307_vCM_RIDGE_GRN,33.0
Stage3_Quads,NFKB1+MITF+CREB1+YY1,4,4.9044,5.0244,-0.0365,-0.0283,0.00571,0.00571,0.00453,0.04667,-0.0007,0.00938,0.00163,0.08342,0.05158,0.00322,0.2172,COMPUTED_HCA_5307_vCM_RIDGE_GRN,34.0
Stage3_Quads,MITF+CTCF+REL+NFIC,4,4.8801,4.9592,0.0597,0.0644,0.0024,0.0024,0.00817,0.07483,-0.0001,0.00522,0.00337,0.07909,0.03082,0.00243,0.228,COMPUTED_HCA_5307_vCM_RIDGE_GRN,35.0
Stage3_Quads,NFKB1+CTCF+REL+JUND,4,4.8751,4.9033,0.3542,0.3582,0.00113,0.00113,0.00126,0.05576,-0.00219,0.01246,0.00011,0.10548,0.02846,0.00047,0.1535,COMPUTED_HCA_5307_vCM_RIDGE_GRN,36.0
Stage3_Quads,NFKB1+CREB1+HIF1A+REL,4,4.8654,4.9898,0.2798,0.3037,0.00099,0.00099,-0.00037,0.03575,-0.00098,0.01421,0.00534,0.08524,0.03483,0.00596,0.1671,COMPUTED_HCA_5307_vCM_RIDGE_GRN,37.0
Stage3_Quads,NFKB1+CTCF+HIF1A+NFIC,4,4.8616,4.9527,0.4053,0.4216,-0.00186,-0.00186,0.00551,0.07918,-0.00056,0.01181,0.00953,0.11952,0.01885,0.00735,0.1684,COMPUTED_HCA_5307_vCM_RIDGE_GRN,38.0
Stage3_Quads,NFKB1+MITF+CREB1+SP3,4,4.8583,4.9875,-0.0537,-0.0382,0.0048,0.0048,0.00588,0.03692,-0.00563,0.00995,0.0037,0.04635,0.03914,0.00505,0.2129,COMPUTED_HCA_5307_vCM_RIDGE_GRN,39.0
Stage3_Quads,NFKB1+MITF+YY1+SP3,4,4.8534,4.9529,-0.046,-0.035,0.0036,0.0036,0.00496,0.04272,-0.00567,0.00901,0.00285,0.0793,0.03026,0.0029,0.2102,COMPUTED_HCA_5307_vCM_RIDGE_GRN,40.0
Stage3_Quads,MITF+CTCF+CREB1+REL,4,4.8472,4.962,0.0467,0.0579,0.00561,0.00561,0.00554,0.07516,-0.00023,0.00457,-0.00034,0.08463,0.04906,0.00135,0.2362,COMPUTED_HCA_5307_vCM_RIDGE_GRN,41.0
Stage3_Quads,NFKB1+MITF+CREB1+JUND,4,4.8441,4.9647,-0.0659,-0.0477,0.00703,0.00703,0.0072,0.02665,-0.00176,0.00924,0.00103,0.04739,0.04384,0.00272,0.2171,COMPUTED_HCA_5307_vCM_RIDGE_GRN,42.0
Stage3_Quads,MITF+HIF1A+REL+YY1,4,4.8403,4.9922,0.0222,0.0545,0.00473,0.00473,0.00469,0.03589,-0.00027,0.00434,0.00351,0.10028,0.03505,0.00269,0.2085,COMPUTED_HCA_5307_vCM_RIDGE_GRN,43.0
Stage3_Quads,NFKB1+CTCF+CREB1+NFIC,4,4.8276,4.8782,0.3003,0.2901,7e-05,7e-05,0.00127,0.07664,-0.00055,0.012,0.00596,0.09034,0.03279,0.00627,0.1671,COMPUTED_HCA_5307_vCM_RIDGE_GRN,44.0
Stage3_Quads,MITF+CTCF+REL+SP3,4,4.8265,4.9206,0.0377,0.0518,0.00342,0.00342,0.00592,0.07161,-0.00577,0.00423,0.001,0.08377,0.02565,0.00111,0.227,COMPUTED_HCA_5307_vCM_RIDGE_GRN,45.0
Stage3_Quads,NFKB1+MITF+JUND+SP3,4,4.822,4.922,-0.0706,-0.0495,0.00513,0.00513,0.00748,0.02342,-0.00572,0.00883,0.002,0.04653,0.027,0.00222,0.2097,COMPUTED_HCA_5307_vCM_RIDGE_GRN,46.0
Stage3_Quads,MITF+HIF1A+REL+NFIC,4,4.8156,4.9615,0.0224,0.0526,0.00269,0.00269,0.00845,0.02865,-2e-05,0.00598,0.00806,0.05803,0.02545,0.00592,0.204,COMPUTED_HCA_5307_vCM_RIDGE_GRN,47.0
Stage3_Quads,NFKB1+MITF+SP3+NFIC,4,4.8071,4.9006,-0.0477,-0.0387,0.00179,0.00179,0.00828,0.03537,-0.00547,0.01047,0.00676,0.04022,0.02147,0.00567,0.2061,COMPUTED_HCA_5307_vCM_RIDGE_GRN,48.0
Stage3_Quads,NFKB1+HIF1A+REL+YY1,4,4.8024,4.897,0.3497,0.3692,-0.0002,-0.0002,-0.00086,0.04106,-0.00107,0.01338,0.00501,0.1229,0.02944,0.00417,0.1632,COMPUTED_HCA_5307_vCM_RIDGE_GRN,49.0
Stage3_Quads,MITF+HIF1A+REL+SP3,4,4.7889,4.9501,0.0045,0.0442,0.0037,0.0037,0.00622,0.02678,-0.00552,0.00498,0.00569,0.06419,0.02069,0.0046,0.2042,COMPUTED_HCA_5307_vCM_RIDGE_GRN,50.0
Stage3_Quads,MITF+CTCF+REL+JUND,4,4.7808,4.8663,0.0303,0.0472,0.00582,0.00582,0.00666,0.06144,-0.00137,0.00273,-0.00189,0.08404,0.03352,-0.00138,0.2333,COMPUTED_HCA_5307_vCM_RIDGE_GRN,51.0
Stage3_Quads,NFKB1+HIF1A+REL+NFIC,4,4.7593,4.848,0.3585,0.376,-0.00228,-0.00228,0.00284,0.03432,-0.00083,0.01506,0.00955,0.08303,0.02009,0.00741,0.1715,COMPUTED_HCA_5307_vCM_RIDGE_GRN,52.0
Stage3_Quads,NFKB1+CTCF+HIF1A+SP3,4,4.752,4.8583,0.38,0.4058,-0.00082,-0.00082,0.00333,0.07581,-0.00545,0.01068,0.00703,0.12366,0.0151,0.00594,0.1641,COMPUTED_HCA_5307_vCM_RIDGE_GRN,53.0
Stage3_Quads,NFKB1+CTCF+REL+NFIC,4,4.7446,4.7664,0.3948,0.3866,-0.00249,-0.00249,0.00262,0.069,-0.00088,0.01431,0.00528,0.09929,0.02495,0.00421,0.1652,COMPUTED_HCA_5307_vCM_RIDGE_GRN,54.0
Stage3_Quads,NFKB1+CTCF+CREB1+JUND,4,4.7378,4.7948,0.2608,0.2628,0.0034,0.0034,0.00042,0.06323,-0.00186,0.01015,0.0008,0.09548,0.03289,0.00253,0.1593,COMPUTED_HCA_5307_vCM_RIDGE_GRN,55.0
Stage3_Quads,MITF+HIF1A+REL+JUND,4,4.7309,4.8833,-0.0076,0.0348,0.00617,0.00617,0.00702,0.0152,-0.00129,0.00349,0.0028,0.06257,0.02816,0.00211,0.2055,COMPUTED_HCA_5307_vCM_RIDGE_GRN,56.0
Stage3_Quads,NFKB1+CREB1+HIF1A+NFIC,4,4.7173,4.8348,0.2556,0.271,5e-05,5e-05,0.00159,0.04008,-0.00052,0.01268,0.00969,0.07116,0.02812,0.00907,0.1649,COMPUTED_HCA_5307_vCM_RIDGE_GRN,57.0
Stage3_Quads,NFKB1+CTCF+CREB1+SP3,4,4.7169,4.7826,0.2741,0.2733,0.00111,0.00111,-0.00093,0.07327,-0.00564,0.01086,0.00347,0.09422,0.0284,0.00486,0.1633,COMPUTED_HCA_5307_vCM_RIDGE_GRN,58.0
Stage3_Quads,CTCF+CREB1+HIF1A+REL,4,4.7157,4.8339,0.3475,0.368,0.00194,0.00194,-0.00101,0.07644,-0.00029,0.00619,0.0034,0.118,0.03312,0.00413,0.1675,COMPUTED_HCA_5307_vCM_RIDGE_GRN,59.0
Stage3_Quads,NFKB1+CREB1+HIF1A+YY1,4,4.6896,4.813,0.251,0.2684,0.00198,0.00198,-0.00197,0.04746,-0.00077,0.01097,0.00514,0.11332,0.03594,0.00583,0.1602,COMPUTED_HCA_5307_vCM_RIDGE_GRN,60.0
Stage3_Quads,NFKB1+CREB1+HIF1A+JUND,4,4.6798,4.8037,0.2209,0.2484,0.00343,0.00343,0.00082,0.02739,-0.00183,0.01083,0.00453,0.07755,0.02822,0.00532,0.1533,COMPUTED_HCA_5307_vCM_RIDGE_GRN,61.0
Stage3_Quads,MITF+CREB1+HIF1A+REL,4,4.6539,4.8356,-0.0015,0.0353,0.00567,0.00567,0.00591,0.0279,-0.00018,0.00527,0.00384,0.06024,0.04383,0.00448,0.2084,COMPUTED_HCA_5307_vCM_RIDGE_GRN,62.0
Stage3_Quads,NFKB1+HIF1A+REL+SP3,4,4.6518,4.7556,0.3352,0.362,-0.00121,-0.00121,0.00072,0.03184,-0.00545,0.01393,0.007,0.08794,0.01699,0.00596,0.1669,COMPUTED_HCA_5307_vCM_RIDGE_GRN,63.0
Stage3_Quads,NFKB1+CTCF+HIF1A+YY1,4,4.6333,4.7304,0.3658,0.3842,0.00022,0.00022,0.00188,0.07359,-0.00081,0.01012,0.00498,0.14776,0.02859,0.00412,0.1601,COMPUTED_HCA_5307_vCM_RIDGE_GRN,64.0
Stage3_Quads,NFKB1+CREB1+HIF1A+SP3,4,4.627,4.7597,0.2329,0.2576,0.00108,0.00108,-0.00059,0.03766,-0.00544,0.01154,0.00719,0.07621,0.02413,0.00766,0.1615,COMPUTED_HCA_5307_vCM_RIDGE_GRN,65.0
Stage3_Quads,NFKB1+CTCF+REL+SP3,4,4.6169,4.6538,0.368,0.3693,-0.00141,-0.00141,0.00048,0.06557,-0.00568,0.01317,0.00273,0.10303,0.02145,0.00276,0.1602,COMPUTED_HCA_5307_vCM_RIDGE_GRN,66.0
Stage3_Quads,MITF+CTCF+CREB1+NFIC,4,4.6126,4.7205,0.0153,0.018,0.00468,0.00468,0.0076,0.08038,0.00028,0.00232,0.00414,0.06938,0.04158,0.00455,0.2306,COMPUTED_HCA_5307_vCM_RIDGE_GRN,67.0
Stage3_Quads,MITF+CTCF+REL+YY1,4,4.6063,4.6913,0.0273,0.0341,0.00442,0.00442,0.00457,0.06919,-0.00035,0.00358,-0.00119,0.10792,0.04047,-0.00081,0.2243,COMPUTED_HCA_5307_vCM_RIDGE_GRN,68.0
Stage3_Quads,MITF+CTCF+CREB1+SP3,4,4.5803,4.7033,-0.0059,0.0061,0.00565,0.00565,0.00529,0.07722,-0.00573,0.00136,0.00183,0.0742,0.0353,0.00327,0.23,COMPUTED_HCA_5307_vCM_RIDGE_GRN,69.0
Stage3_Quads,NFKB1+HIF1A+YY1+JUND,4,4.572,4.6662,0.2895,0.3126,0.00218,0.00218,0.00042,0.03236,-0.00193,0.00999,0.0042,0.11376,0.02215,0.00354,0.1463,COMPUTED_HCA_5307_vCM_RIDGE_GRN,70.0
Stage3_Quads,NFKB1+CTCF+REL+YY1,4,4.5006,4.5282,0.3551,0.3491,-0.00043,-0.00043,-0.00092,0.06337,-0.00113,0.01262,0.00072,0.12622,0.03436,0.00097,0.1564,COMPUTED_HCA_5307_vCM_RIDGE_GRN,71.0
Stage3_Quads,NFKB1+CTCF+CREB1+YY1,4,4.485,4.5415,0.261,0.2528,0.00199,0.00199,-0.00213,0.07093,-0.0008,0.01029,0.0014,0.11837,0.04068,0.00303,0.1584,COMPUTED_HCA_5307_vCM_RIDGE_GRN,72.0
Stage3_Quads,NFKB1+HIF1A+JUND+NFIC,4,4.4841,4.5723,0.2953,0.3163,0.00029,0.00029,0.00374,0.02516,-0.00171,0.01147,0.00812,0.07533,0.01344,0.00633,0.1495,COMPUTED_HCA_5307_vCM_RIDGE_GRN,73.0
Stage3_Quads,NFKB1+CREB1+REL+NFIC,4,4.4767,4.5249,0.2569,0.2477,-0.00074,-0.00074,-0.00086,0.03163,-0.00082,0.0152,0.00594,0.05347,0.03024,0.00629,0.1667,COMPUTED_HCA_5307_vCM_RIDGE_GRN,74.0
Stage3_Quads,MITF+HIF1A+YY1+NFIC,4,4.4666,4.6116,-0.0209,0.0029,0.00363,0.00363,0.00721,0.04066,0.00024,0.00203,0.00795,0.08585,0.02346,0.00586,0.2043,COMPUTED_HCA_5307_vCM_RIDGE_GRN,75.0
Stage3_Quads,CTCF+CREB1+HIF1A+NFIC,4,4.4615,4.5728,0.3134,0.3253,0.00101,0.00101,0.00107,0.08151,0.00021,0.0039,0.00784,0.10216,0.0257,0.0073,0.1629,COMPUTED_HCA_5307_vCM_RIDGE_GRN,76.0
Stage3_Quads,CTCF+HIF1A+REL+JUND,4,4.4584,4.5473,0.3846,0.4107,0.00205,0.00205,0.00122,0.06181,-0.00141,0.00441,0.00236,0.12071,0.01744,0.00176,0.1459,COMPUTED_HCA_5307_vCM_RIDGE_GRN,77.0
Stage3_Quads,NFKB1+HIF1A+YY1+NFIC,4,4.4474,4.5351,0.3328,0.3437,-0.00148,-0.00148,0.00155,0.04592,-0.00062,0.0118,0.00936,0.11074,0.01915,0.00728,0.1623,COMPUTED_HCA_5307_vCM_RIDGE_GRN,78.0
Stage3_Quads,NFKB1+CTCF+JUND+NFIC,4,4.4472,4.4685,0.3299,0.3254,3e-05,3e-05,0.00344,0.05992,-0.00177,0.01072,0.0039,0.09139,0.01823,0.00317,0.1439,COMPUTED_HCA_5307_vCM_RIDGE_GRN,79.0
Stage3_Quads,CTCF+CREB1+HIF1A+SP3,4,4.4253,4.5518,0.2923,0.3136,0.00198,0.00198,-0.00121,0.07835,-0.00553,0.00294,0.00552,0.10716,0.02003,0.00602,0.1605,COMPUTED_HCA_5307_vCM_RIDGE_GRN,80.0
Stage3_Quads,NFKB1+REL+YY1+JUND,4,4.4214,4.4461,0.2789,0.2775,0.00147,0.00147,-0.00246,0.02192,-0.00225,0.01245,-7e-05,0.09252,0.02793,0.00039,0.1454,COMPUTED_HCA_5307_vCM_RIDGE_GRN,81.0
Stage3_Quads,MITF+HIF1A+YY1+SP3,4,4.4201,4.5802,-0.0413,-0.0081,0.00456,0.00456,0.00503,0.03796,-0.00553,0.00107,0.00564,0.08892,0.01761,0.00458,0.2047,COMPUTED_HCA_5307_vCM_RIDGE_GRN,82.0
Stage3_Quads,CTCF+HIF1A+REL+NFIC,4,4.4105,4.4929,0.4289,0.4429,-0.00166,-0.00166,0.00261,0.0752,-0.00014,0.0069,0.00761,0.1161,0.01473,0.00557,0.1594,COMPUTED_HCA_5307_vCM_RIDGE_GRN,83.0
Stage3_Quads,NFKB1+CREB1+REL+YY1,4,4.4076,4.4617,0.2484,0.2414,0.0012,0.0012,-0.00434,0.03825,-0.00107,0.01349,0.00138,0.09314,0.03784,0.00304,0.1592,COMPUTED_HCA_5307_vCM_RIDGE_GRN,84.0
Stage3_Quads,NFKB1+CREB1+REL+JUND,4,4.4004,4.455,0.2192,0.2222,0.0026,0.0026,-0.00171,0.01894,-0.00213,0.01332,0.00078,0.0593,0.03034,0.00255,0.1528,COMPUTED_HCA_5307_vCM_RIDGE_GRN,85.0
Stage3_Quads,MITF+CTCF+CREB1+JUND,4,4.3949,4.5092,-0.0256,-0.0108,0.00797,0.00797,0.0066,0.06682,-0.00099,-0.0002,-0.00111,0.07328,0.04109,0.00074,0.2361,COMPUTED_HCA_5307_vCM_RIDGE_GRN,86.0
Stage3_Quads,MITF+CTCF+SP3+NFIC,4,4.3886,4.4759,-0.0119,-0.0063,0.00246,0.00246,0.0081,0.07586,-0.00557,0.00174,0.00489,0.06748,0.0135,0.00389,0.2197,COMPUTED_HCA_5307_vCM_RIDGE_GRN,87.0
Stage3_Quads,MITF+CREB1+HIF1A+YY1,4,4.3846,4.5653,-0.039,-0.0088,0.00671,0.00671,0.00437,0.04002,8e-05,0.00134,0.00373,0.08843,0.0444,0.00441,0.2086,COMPUTED_HCA_5307_vCM_RIDGE_GRN,88.0
Stage3_Quads,MITF+CREB1+HIF1A+NFIC,4,4.3812,4.556,-0.0372,-0.009,0.00474,0.00474,0.00798,0.03214,0.00033,0.003,0.00828,0.04361,0.03641,0.00764,0.2033,COMPUTED_HCA_5307_vCM_RIDGE_GRN,89.0
Stage3_Quads,NFKB1+HIF1A+JUND+SP3,4,4.3767,4.4801,0.2728,0.3032,0.00126,0.00126,0.00212,0.02326,-0.00551,0.01049,0.006,0.0798,0.01185,0.00518,0.1464,COMPUTED_HCA_5307_vCM_RIDGE_GRN,90.0
Stage3_Quads,MITF+CREB1+HIF1A+SP3,4,4.3761,4.5661,-0.0542,-0.0166,0.0057,0.0057,0.0057,0.03033,-0.00551,0.00204,0.00597,0.0499,0.03052,0.00636,0.204,COMPUTED_HCA_5307_vCM_RIDGE_GRN,91.0
Stage3_Quads,NFKB1+CREB1+REL+SP3,4,4.3681,4.4314,0.2326,0.2329,0.00033,0.00033,-0.00301,0.02915,-0.00565,0.01406,0.00339,0.05812,0.0265,0.00484,0.1626,COMPUTED_HCA_5307_vCM_RIDGE_GRN,92.0
Stage3_Quads,NFKB1+REL+JUND+NFIC,4,4.3646,4.3835,0.2868,0.2833,-0.00041,-0.00041,0.00078,0.01548,-0.00204,0.01393,0.00387,0.05606,0.01954,0.00319,0.1504,COMPUTED_HCA_5307_vCM_RIDGE_GRN,93.0
Stage3_Quads,CTCF+HIF1A+REL+SP3,4,4.353,4.4506,0.407,0.4304,-0.00064,-0.00064,0.0004,0.07198,-0.00555,0.0059,0.00524,0.12097,0.01018,0.00425,0.1556,COMPUTED_HCA_5307_vCM_RIDGE_GRN,94.0
Stage3_Quads,MITF+HIF1A+YY1+JUND,4,4.344,4.4954,-0.0551,-0.0192,0.00708,0.00708,0.00593,0.02617,-0.00103,-0.00046,0.00269,0.08713,0.02566,0.00205,0.2075,COMPUTED_HCA_5307_vCM_RIDGE_GRN,95.0
Stage3_Quads,MITF+HIF1A+SP3+NFIC,4,4.3405,4.4947,-0.0449,-0.0138,0.00273,0.00273,0.0084,0.03006,-0.00532,0.00249,0.00953,0.04768,0.0086,0.00734,0.199,COMPUTED_HCA_5307_vCM_RIDGE_GRN,96.0
Stage3_Quads,MITF+CTCF+JUND+NFIC,4,4.332,4.4106,-0.0204,-0.0122,0.00489,0.00489,0.00894,0.06568,-0.0009,0.00022,0.00198,0.06762,0.022,0.00139,0.2253,COMPUTED_HCA_5307_vCM_RIDGE_GRN,97.0
Stage3_Quads,NFKB1+CTCF+JUND+SP3,4,4.3199,4.3563,0.3041,0.3089,0.00101,0.00101,0.00179,0.05706,-0.00573,0.00975,0.00177,0.09469,0.01625,0.00202,0.1404,COMPUTED_HCA_5307_vCM_RIDGE_GRN,98.0
Stage3_Quads,NFKB1+HIF1A+YY1+SP3,4,4.316,4.4189,0.3065,0.3268,-0.00048,-0.00048,-0.00052,0.04261,-0.00546,0.01067,0.00686,0.11286,0.01508,0.00587,0.158,COMPUTED_HCA_5307_vCM_RIDGE_GRN,99.0
Stage3_Quads,CTCF+CREB1+HIF1A+JUND,4,4.3124,4.4302,0.2738,0.2979,0.00441,0.00441,0.00018,0.06796,-0.00105,0.00138,0.00258,0.10677,0.02522,0.00349,0.156,COMPUTED_HCA_5307_vCM_RIDGE_GRN,100.0
Stage3_Quads,NFKB1+REL+YY1+NFIC,4,4.3115,4.3298,0.3214,0.3078,-0.00214,-0.00214,-0.00125,0.03548,-0.00094,0.0143,0.00509,0.08898,0.02493,0.00413,0.1611,COMPUTED_HCA_5307_vCM_RIDGE_GRN,101.0
Stage3_Quads,NFKB1+CREB1+YY1+NFIC,4,4.3055,4.3527,0.2286,0.2129,0.00028,0.00028,-0.00246,0.04344,-0.00061,0.01197,0.00578,0.08151,0.03131,0.00619,0.1547,COMPUTED_HCA_5307_vCM_RIDGE_GRN,102.0
Stage3_Quads,MITF+CTCF+CREB1+YY1,4,4.2896,4.4034,-0.0227,-0.018,0.00663,0.00663,0.00414,0.07466,3e-05,0.00066,-0.00042,0.09959,0.04963,0.00131,0.2264,COMPUTED_HCA_5307_vCM_RIDGE_GRN,103.0
Stage3_Quads,MITF+CTCF+JUND+SP3,4,4.2813,4.375,-0.0411,-0.0234,0.0058,0.0058,0.00718,0.06305,-0.00582,-0.00062,4e-05,0.07186,0.01813,0.00037,0.2253,COMPUTED_HCA_5307_vCM_RIDGE_GRN,104.0
Stage3_Quads,MITF+HIF1A+JUND+NFIC,4,4.2715,4.417,-0.0581,-0.0243,0.00524,0.00524,0.00931,0.01847,-0.00082,0.00097,0.00662,0.04593,0.0167,0.00484,0.1993,COMPUTED_HCA_5307_vCM_RIDGE_GRN,105.0
Stage3_Quads,NFKB1+CTCF+YY1+JUND,4,4.2554,4.2826,0.2943,0.2918,0.0019,0.0019,0.00026,0.05506,-0.00198,0.00924,-5e-05,0.11721,0.02701,0.00037,0.1391,COMPUTED_HCA_5307_vCM_RIDGE_GRN,106.0
Stage3_Quads,MITF+HIF1A+JUND+SP3,4,4.2476,4.4083,-0.0747,-0.0315,0.00614,0.00614,0.00757,0.01718,-0.00558,0.00012,0.00468,0.05165,0.01323,0.00382,0.2008,COMPUTED_HCA_5307_vCM_RIDGE_GRN,107.0
Stage3_Quads,NFKB1+REL+JUND+SP3,4,4.2393,4.2733,0.2629,0.2687,0.0006,0.0006,-0.00081,0.01352,-0.00574,0.01295,0.00169,0.06014,0.01821,0.002,0.1467,COMPUTED_HCA_5307_vCM_RIDGE_GRN,108.0
Stage3_Quads,CTCF+CREB1+REL+NFIC,4,4.2353,4.2772,0.3132,0.3006,0.00013,0.00013,-0.00146,0.07193,-0.00015,0.00714,0.0038,0.083,0.02879,0.00432,0.1626,COMPUTED_HCA_5307_vCM_RIDGE_GRN,109.0
Stage3_Quads,MITF+CTCF+YY1+NFIC,4,4.2272,4.3052,-0.018,-0.0198,0.00333,0.00333,0.00708,0.07422,0.00016,0.00128,0.0033,0.09301,0.02882,0.00239,0.2171,COMPUTED_HCA_5307_vCM_RIDGE_GRN,110.0
Stage3_Quads,NFKB1+CREB1+JUND+NFIC,4,4.2208,4.2684,0.1927,0.1872,0.00186,0.00186,-6e-05,0.02263,-0.00171,0.01162,0.00456,0.04576,0.02405,0.00524,0.1463,COMPUTED_HCA_5307_vCM_RIDGE_GRN,111.0
Stage3_Quads,NFKB1+HIF1A+SP3+NFIC,4,4.2184,4.3153,0.3113,0.3296,-0.00236,-0.00236,0.0028,0.03521,-0.00525,0.01213,0.01075,0.07399,0.00632,0.00863,0.1659,COMPUTED_HCA_5307_vCM_RIDGE_GRN,112.0
Stage3_Quads,MITF+CREB1+HIF1A+JUND,4,4.2019,4.3831,-0.0749,-0.0346,0.00809,0.00809,0.00706,0.01852,-0.00094,0.00048,0.00302,0.04815,0.03592,0.00383,0.2063,COMPUTED_HCA_5307_vCM_RIDGE_GRN,113.0
Stage3_Quads,NFKB1+CREB1+YY1+JUND,4,4.1975,4.2511,0.1875,0.184,0.0036,0.0036,-0.00316,0.02971,-0.00192,0.01013,0.00062,0.08399,0.03105,0.00244,0.1436,COMPUTED_HCA_5307_vCM_RIDGE_GRN,114.0
Stage3_Quads,NFKB1+CTCF+SP3+NFIC,4,4.1899,4.2199,0.3436,0.3363,-0.00255,-0.00255,0.00255,0.06974,-0.00548,0.01139,0.00653,0.08908,0.01072,0.00548,0.1544,COMPUTED_HCA_5307_vCM_RIDGE_GRN,115.0
Stage3_Quads,NFKB1+CREB1+SP3+NFIC,4,4.1895,4.2459,0.206,0.1977,-0.00045,-0.00045,-0.00146,0.03285,-0.00544,0.01232,0.00719,0.04471,0.01969,0.00755,0.157,COMPUTED_HCA_5307_vCM_RIDGE_GRN,116.0
Stage3_Quads,CTCF+HIF1A+REL+YY1,4,4.1885,4.2769,0.3902,0.4062,0.00044,0.00044,-0.00099,0.06961,-0.00038,0.00526,0.00307,0.14473,0.02437,0.00234,0.1513,COMPUTED_HCA_5307_vCM_RIDGE_GRN,117.0
Stage3_Quads,CTCF+CREB1+REL+SP3,4,4.1767,4.2338,0.2905,0.2873,0.00114,0.00114,-0.0037,0.06871,-0.00575,0.00615,0.00143,0.08768,0.02349,0.00299,0.1592,COMPUTED_HCA_5307_vCM_RIDGE_GRN,118.0
Stage3_Quads,NFKB1+CREB1+YY1+SP3,4,4.1755,4.2379,0.2017,0.1954,0.00129,0.00129,-0.00456,0.04012,-0.00565,0.01084,0.00328,0.08338,0.02672,0.00478,0.151,COMPUTED_HCA_5307_vCM_RIDGE_GRN,119.0
Stage3_Quads,MITF+CTCF+YY1+SP3,4,4.1737,4.2669,-0.04,-0.0325,0.00427,0.00427,0.00487,0.07106,-0.00577,0.00033,0.00098,0.09546,0.02257,0.00111,0.2167,COMPUTED_HCA_5307_vCM_RIDGE_GRN,120.0
Stage3_Quads,NFKB1+REL+YY1+SP3,4,4.163,4.1965,0.2937,0.2895,-0.0011,-0.0011,-0.00329,0.0321,-0.00569,0.01316,0.00254,0.09083,0.02111,0.00268,0.1564,COMPUTED_HCA_5307_vCM_RIDGE_GRN,121.0
Stage3_Quads,CTCF+CREB1+HIF1A+YY1,4,4.1534,4.2706,0.2768,0.2908,0.00295,0.00295,-0.00239,0.07584,-3e-05,0.00224,0.00329,0.13267,0.03374,0.00406,0.1556,COMPUTED_HCA_5307_vCM_RIDGE_GRN,122.0
Stage3_Quads,NFKB1+CTCF+YY1+NFIC,4,4.1359,4.1567,0.3356,0.321,-0.0017,-0.0017,0.00148,0.06831,-0.00068,0.01105,0.00512,0.11337,0.02401,0.00411,0.1509,COMPUTED_HCA_5307_vCM_RIDGE_GRN,123.0
Stage3_Quads,MITF+REL+YY1+NFIC,4,4.1193,4.1949,-0.0366,-0.0373,0.00265,0.00265,0.00438,0.02915,-0.00016,0.0052,0.00318,0.0577,0.03107,0.00235,0.1939,COMPUTED_HCA_5307_vCM_RIDGE_GRN,124.0
Stage3_Quads,MITF+CTCF+YY1+JUND,4,4.1133,4.1978,-0.0486,-0.0383,0.00672,0.00672,0.00571,0.06083,-0.00111,-0.00121,-0.00196,0.0957,0.03102,-0.00142,0.2242,COMPUTED_HCA_5307_vCM_RIDGE_GRN,125.0
Stage3_Quads,NFKB1+CREB1+JUND+SP3,4,4.1125,4.1754,0.1694,0.1732,0.00283,0.00283,-0.00171,0.02073,-0.0057,0.01065,0.00243,0.04997,0.02182,0.0041,0.1437,COMPUTED_HCA_5307_vCM_RIDGE_GRN,126.0
Stage3_Quads,NFKB1+REL+SP3+NFIC,4,4.0961,4.1236,0.3005,0.2942,-0.00298,-0.00298,-5e-05,0.02547,-0.00548,0.01462,0.00645,0.05383,0.01267,0.00545,0.1659,COMPUTED_HCA_5307_vCM_RIDGE_GRN,127.0
Stage3_Quads,MITF+CREB1+REL+NFIC,4,4.0721,4.1776,-0.0488,-0.0451,0.0038,0.0038,0.0055,0.02263,-4e-05,0.0062,0.00403,0.02139,0.03978,0.00451,0.199,COMPUTED_HCA_5307_vCM_RIDGE_GRN,128.0
Stage3_Quads,MITF+REL+YY1+SP3,4,4.0516,4.1424,-0.0584,-0.0498,0.00363,0.00363,0.00223,0.02639,-0.00578,0.00421,0.00081,0.06057,0.02559,0.00103,0.1934,COMPUTED_HCA_5307_vCM_RIDGE_GRN,129.0
Stage3_Quads,CTCF+CREB1+REL+JUND,4,4.048,4.0964,0.2705,0.27,0.0035,0.0035,-0.00242,0.05837,-0.00141,0.00463,-0.00145,0.0869,0.02831,0.0005,0.1532,COMPUTED_HCA_5307_vCM_RIDGE_GRN,130.0
Stage3_Quads,MITF+CREB1+REL+SP3,4,4.0447,4.1653,-0.0674,-0.0543,0.00481,0.00481,0.00325,0.02075,-0.00574,0.0052,0.00166,0.02736,0.03426,0.00319,0.1987,COMPUTED_HCA_5307_vCM_RIDGE_GRN,131.0
Stage3_Quads,MITF+CREB1+REL+YY1,4,4.032,4.1434,-0.0545,-0.0488,0.00577,0.00577,0.00197,0.02975,-0.00029,0.00454,-0.00053,0.06343,0.04754,0.00127,0.2013,COMPUTED_HCA_5307_vCM_RIDGE_GRN,132.0
Stage3_Quads,NFKB1+YY1+JUND+NFIC,4,4.008,4.0258,0.2555,0.2455,0.0004,0.0004,-0.00037,0.02614,-0.00183,0.01071,0.00371,0.07972,0.01806,0.00309,0.1368,COMPUTED_HCA_5307_vCM_RIDGE_GRN,133.0
Stage3_Quads,MITF+REL+SP3+NFIC,4,4.0046,4.0894,-0.06,-0.0534,0.0018,0.0018,0.00553,0.01925,-0.00557,0.00563,0.00472,0.02149,0.01691,0.00381,0.1902,COMPUTED_HCA_5307_vCM_RIDGE_GRN,134.0
Stage3_Quads,NFKB1+CTCF+YY1+SP3,4,4.0045,4.0404,0.3085,0.3033,-0.00069,-0.00069,-0.00061,0.06494,-0.00569,0.00992,0.00262,0.11518,0.01954,0.0027,0.1463,COMPUTED_HCA_5307_vCM_RIDGE_GRN,135.0
Stage3_Quads,MITF+REL+YY1+JUND,4,3.9827,4.0647,-0.07,-0.0586,0.00606,0.00606,0.00302,0.01466,-0.00143,0.00272,-0.00207,0.05934,0.03328,-0.00146,0.1973,COMPUTED_HCA_5307_vCM_RIDGE_GRN,136.0
Stage3_Quads,CREB1+HIF1A+REL+NFIC,4,3.952,4.0608,0.2511,0.2641,0.00016,0.00016,-0.00104,0.02406,-0.0001,0.00781,0.00777,0.05491,0.02384,0.00729,0.1546,COMPUTED_HCA_5307_vCM_RIDGE_GRN,137.0
Stage3_Quads,MITF+REL+JUND+NFIC,4,3.9433,4.0195,-0.071,-0.0616,0.00422,0.00422,0.00632,0.00772,-0.00122,0.00415,0.00187,0.02041,0.02464,0.00134,0.1914,COMPUTED_HCA_5307_vCM_RIDGE_GRN,138.0
Stage3_Quads,CREB1+HIF1A+REL+YY1,4,3.9263,4.041,0.2467,0.2617,0.00212,0.00212,-0.00458,0.03123,-0.00035,0.00616,0.00323,0.09726,0.03158,0.00405,0.148,COMPUTED_HCA_5307_vCM_RIDGE_GRN,139.0
Stage3_Quads,CREB1+HIF1A+REL+SP3,4,3.9207,4.0447,0.2327,0.2551,0.00117,0.00117,-0.00326,0.02219,-0.00554,0.00682,0.0054,0.06107,0.01893,0.00597,0.1517,COMPUTED_HCA_5307_vCM_RIDGE_GRN,140.0
Stage3_Quads,CTCF+HIF1A+JUND+NFIC,4,3.9028,3.9847,0.3493,0.3669,0.00093,0.00093,0.00351,0.06592,-0.00093,0.00187,0.00618,0.10488,0.00598,0.00449,0.1369,COMPUTED_HCA_5307_vCM_RIDGE_GRN,141.0
Stage3_Quads,CTCF+CREB1+REL+YY1,4,3.8994,3.9473,0.2746,0.2641,0.00207,0.00207,-0.00484,0.06621,-0.00039,0.00549,-0.00076,0.11142,0.0366,0.00107,0.1541,COMPUTED_HCA_5307_vCM_RIDGE_GRN,142.0
Stage3_Quads,CTCF+CREB1+SP3+NFIC,4,3.8982,3.9484,0.2548,0.243,0.00038,0.00038,-0.00204,0.07315,-0.00554,0.00369,0.00532,0.07256,0.01585,0.00577,0.1504,COMPUTED_HCA_5307_vCM_RIDGE_GRN,143.0
Stage3_Quads,MITF+REL+JUND+SP3,4,3.8975,3.9888,-0.0889,-0.0702,0.00517,0.00517,0.00462,0.00637,-0.00583,0.00327,-0.00013,0.02581,0.02154,0.00029,0.1921,COMPUTED_HCA_5307_vCM_RIDGE_GRN,144.0
Stage3_Quads,NFKB1+YY1+JUND+SP3,4,3.8623,3.8954,0.2288,0.2282,0.00134,0.00134,-0.00191,0.02335,-0.00574,0.00974,0.00159,0.08147,0.01576,0.00194,0.1334,COMPUTED_HCA_5307_vCM_RIDGE_GRN,145.0
Stage3_Quads,MITF+CREB1+REL+JUND,4,3.8547,3.9666,-0.0896,-0.0737,0.00711,0.00711,0.0045,0.00901,-0.00131,0.00368,-0.00122,0.02522,0.03929,0.0007,0.2005,COMPUTED_HCA_5307_vCM_RIDGE_GRN,146.0
Stage3_Quads,CTCF+HIF1A+JUND+SP3,4,3.848,3.9451,0.3286,0.3556,0.00185,0.00185,0.00178,0.06328,-0.0056,0.00103,0.00424,0.1093,0.00272,0.00348,0.1348,COMPUTED_HCA_5307_vCM_RIDGE_GRN,147.0
Stage3_Quads,CTCF+HIF1A+SP3+NFIC,4,3.8082,3.8989,0.3728,0.3876,-0.00179,-0.00179,0.00258,0.0761,-0.00534,0.00339,0.00908,0.10527,-0.00191,0.00699,0.1507,COMPUTED_HCA_5307_vCM_RIDGE_GRN,148.0
Stage3_Quads,MITF+CREB1+YY1+NFIC,4,3.8081,3.9126,-0.0857,-0.0886,0.00487,0.00487,0.00395,0.03484,0.00022,0.00228,0.00396,0.04958,0.04031,0.00447,0.1941,COMPUTED_HCA_5307_vCM_RIDGE_GRN,149.0
Stage3_Quads,CREB1+HIF1A+REL+JUND,4,3.8033,3.9186,0.2116,0.2368,0.00359,0.00359,-0.00193,0.01045,-0.00137,0.0053,0.00252,0.05946,0.02335,0.00348,0.139,COMPUTED_HCA_5307_vCM_RIDGE_GRN,150.0
Stage3_Quads,CTCF+REL+JUND+NFIC,4,3.7876,3.8002,0.3368,0.3298,0.00016,0.00016,0.00048,0.0551,-0.00132,0.00509,0.00164,0.08308,0.01364,0.00115,0.1379,COMPUTED_HCA_5307_vCM_RIDGE_GRN,151.0
Stage3_Quads,MITF+CREB1+YY1+SP3,4,3.7631,3.8827,-0.1066,-0.1,0.0058,0.0058,0.00175,0.03213,-0.00574,0.00133,0.00165,0.05247,0.03383,0.00319,0.1942,COMPUTED_HCA_5307_vCM_RIDGE_GRN,152.0
Stage3_Quads,CTCF+CREB1+JUND+NFIC,4,3.7586,3.8,0.2336,0.2246,0.00277,0.00277,-0.00067,0.0628,-0.00094,0.00214,0.00242,0.07165,0.0213,0.00327,0.1437,COMPUTED_HCA_5307_vCM_RIDGE_GRN,153.0
Stage3_Quads,NFKB1+YY1+SP3+NFIC,4,3.7498,3.7763,0.27,0.2573,-0.00221,-0.00221,-0.0013,0.03633,-0.00549,0.01138,0.00634,0.07806,0.01072,0.00539,0.1518,COMPUTED_HCA_5307_vCM_RIDGE_GRN,154.0
Stage3_Quads,NFKB1+JUND+SP3+NFIC,4,3.7484,3.7755,0.2321,0.2294,-0.00037,-0.00037,0.00096,0.01625,-0.00557,0.01099,0.00488,0.04556,0.00795,0.00427,0.1386,COMPUTED_HCA_5307_vCM_RIDGE_GRN,155.0
Stage3_Quads,MITF+CREB1+SP3+NFIC,4,3.7477,3.8614,-0.1047,-0.1001,0.00405,0.00405,0.0049,0.02436,-0.00553,0.00276,0.00555,0.01144,0.02662,0.00596,0.1906,COMPUTED_HCA_5307_vCM_RIDGE_GRN,156.0
Stage3_Quads,CTCF+HIF1A+YY1+JUND,4,3.7357,3.8236,0.3147,0.3343,0.00283,0.00283,0.00028,0.06111,-0.00115,0.00044,0.00225,0.13275,0.01498,0.0017,0.1334,COMPUTED_HCA_5307_vCM_RIDGE_GRN,157.0
Stage3_Quads,HIF1A+REL+YY1+JUND,4,3.7228,3.8083,0.2769,0.2976,0.0024,0.0024,-0.00242,0.01524,-0.00146,0.0044,0.00219,0.09595,0.01717,0.00169,0.1315,COMPUTED_HCA_5307_vCM_RIDGE_GRN,158.0
Stage3_Quads,HIF1A+REL+YY1+NFIC,4,3.7126,3.7916,0.3253,0.3339,-0.00131,-0.00131,-0.00118,0.02973,-0.0002,0.00688,0.00744,0.09467,0.01497,0.0055,0.1518,COMPUTED_HCA_5307_vCM_RIDGE_GRN,159.0
Stage3_Quads,CTCF+REL+JUND+SP3,4,3.7109,3.7387,0.3147,0.3171,0.00112,0.00112,-0.00121,0.0524,-0.00584,0.00422,-0.00036,0.08718,0.01075,9e-05,0.1349,COMPUTED_HCA_5307_vCM_RIDGE_GRN,160.0
Stage3_Quads,CTCF+CREB1+JUND+SP3,4,3.7029,3.7595,0.2122,0.2126,0.00368,0.00368,-0.00242,0.06017,-0.0058,0.0013,0.00047,0.07588,0.01729,0.00225,0.1418,COMPUTED_HCA_5307_vCM_RIDGE_GRN,161.0
Stage3_Quads,CTCF+HIF1A+YY1+NFIC,4,3.7027,3.7842,0.3603,0.3678,-0.00085,-0.00085,0.00152,0.0745,0.00012,0.00293,0.00751,0.13041,0.01278,0.00551,0.1469,COMPUTED_HCA_5307_vCM_RIDGE_GRN,162.0
Stage3_Quads,CTCF+REL+SP3+NFIC,4,3.6857,3.707,0.358,0.3484,-0.00247,-0.00247,-0.00033,0.06522,-0.00559,0.00657,0.00449,0.0828,0.00612,0.00361,0.1502,COMPUTED_HCA_5307_vCM_RIDGE_GRN,163.0
Stage3_Quads,CREB1+HIF1A+YY1+NFIC,4,3.683,3.7908,0.2128,0.2193,0.00122,0.00122,-0.00258,0.03618,0.00016,0.00386,0.00767,0.08282,0.02441,0.00722,0.1422,COMPUTED_HCA_5307_vCM_RIDGE_GRN,164.0
Stage3_Quads,CTCF+CREB1+YY1+NFIC,4,3.678,3.719,0.243,0.2239,0.00117,0.00117,-0.00285,0.07143,0.00012,0.00321,0.00373,0.09768,0.02936,0.00428,0.1459,COMPUTED_HCA_5307_vCM_RIDGE_GRN,165.0
Stage3_Quads,CTCF+HIF1A+YY1+SP3,4,3.6451,3.7417,0.3383,0.3552,9e-05,9e-05,-0.00064,0.07134,-0.00555,0.00197,0.00519,0.13305,0.00714,0.00423,0.1437,COMPUTED_HCA_5307_vCM_RIDGE_GRN,166.0
Stage3_Quads,HIF1A+REL+YY1+SP3,4,3.6407,3.7349,0.3035,0.3215,-0.00032,-0.00032,-0.00329,0.02697,-0.00556,0.00589,0.00507,0.09771,0.0101,0.00418,0.1482,COMPUTED_HCA_5307_vCM_RIDGE_GRN,167.0
Stage3_Quads,CREB1+HIF1A+YY1+SP3,4,3.6339,3.7569,0.192,0.2078,0.00216,0.00216,-0.00476,0.03347,-0.00554,0.00291,0.00535,0.08589,0.01854,0.00594,0.14,COMPUTED_HCA_5307_vCM_RIDGE_GRN,168.0
Stage3_Quads,HIF1A+REL+JUND+NFIC,4,3.6324,3.712,0.2825,0.3011,0.00048,0.00048,0.00088,0.00826,-0.00125,0.00582,0.00612,0.05724,0.00856,0.00448,0.1367,COMPUTED_HCA_5307_vCM_RIDGE_GRN,169.0
Stage3_Quads,MITF+YY1+SP3+NFIC,4,3.6253,3.7091,-0.1077,-0.1076,0.0027,0.0027,0.00433,0.03052,-0.00558,0.00172,0.0047,0.04557,0.01379,0.00381,0.1846,COMPUTED_HCA_5307_vCM_RIDGE_GRN,170.0
Stage3_Quads,CTCF+CREB1+YY1+SP3,4,3.6218,3.6779,0.2205,0.2108,0.00212,0.00212,-0.00504,0.06827,-0.00575,0.00226,0.00142,0.10013,0.0231,0.003,0.1431,COMPUTED_HCA_5307_vCM_RIDGE_GRN,171.0
Stage3_Quads,CREB1+HIF1A+SP3+NFIC,4,3.6042,3.7213,0.1926,0.2064,0.00041,0.00041,-0.0016,0.02565,-0.00533,0.00434,0.00924,0.04456,0.01136,0.00871,0.1448,COMPUTED_HCA_5307_vCM_RIDGE_GRN,172.0
Stage3_Quads,CTCF+REL+YY1+JUND,4,3.603,3.6215,0.302,0.2971,0.00205,0.00205,-0.00267,0.05025,-0.00153,0.00367,-0.0023,0.10937,0.02232,-0.00165,0.1335,COMPUTED_HCA_5307_vCM_RIDGE_GRN,173.0
Stage3_Quads,CTCF+REL+YY1+NFIC,4,3.5843,3.5964,0.3469,0.3298,-0.00158,-0.00158,-0.00135,0.06364,-0.00027,0.00615,0.00296,0.10668,0.02011,0.00216,0.1465,COMPUTED_HCA_5307_vCM_RIDGE_GRN,174.0
Stage3_Quads,HIF1A+REL+JUND+SP3,4,3.5825,3.6772,0.2645,0.2926,0.00143,0.00143,-0.00079,0.00691,-0.00561,0.00495,0.00412,0.06282,0.00606,0.00343,0.1341,COMPUTED_HCA_5307_vCM_RIDGE_GRN,175.0
Stage3_Quads,MITF+CREB1+YY1+JUND,4,3.5553,3.6662,-0.1304,-0.1211,0.00816,0.00816,0.0031,0.02018,-0.00105,-0.00023,-0.0013,0.05016,0.03946,0.00066,0.1981,COMPUTED_HCA_5307_vCM_RIDGE_GRN,176.0
Stage3_Quads,MITF+CREB1+JUND+NFIC,4,3.5468,3.6517,-0.1281,-0.1208,0.00638,0.00638,0.00625,0.0126,-0.00083,0.00121,0.00265,0.00917,0.03228,0.00346,0.1921,COMPUTED_HCA_5307_vCM_RIDGE_GRN,177.0
Stage3_Quads,MITF+YY1+JUND+NFIC,4,3.5462,3.6214,-0.1204,-0.1175,0.00516,0.00516,0.00522,0.01879,-0.00096,0.0002,0.0018,0.04431,0.0221,0.0013,0.1874,COMPUTED_HCA_5307_vCM_RIDGE_GRN,178.0
Stage3_Quads,HIF1A+REL+SP3+NFIC,4,3.5425,3.6308,0.3084,0.3243,-0.00222,-0.00222,0.0,0.01978,-0.00535,0.0073,0.00896,0.05885,0.00143,0.00695,0.1579,COMPUTED_HCA_5307_vCM_RIDGE_GRN,179.0
Stage3_Quads,MITF+CREB1+JUND+SP3,4,3.5223,3.6424,-0.1453,-0.1286,0.00728,0.00728,0.00449,0.01131,-0.00579,0.00037,0.0007,0.0147,0.02806,0.00245,0.1931,COMPUTED_HCA_5307_vCM_RIDGE_GRN,180.0
Stage3_Quads,CTCF+REL+YY1+SP3,4,3.5055,3.5327,0.3234,0.3158,-0.0006,-0.0006,-0.00348,0.06042,-0.00579,0.00516,0.00059,0.10911,0.01484,0.00084,0.1424,COMPUTED_HCA_5307_vCM_RIDGE_GRN,181.0
Stage3_Quads,CREB1+HIF1A+YY1+JUND,4,3.4986,3.6129,0.1694,0.188,0.00463,0.00463,-0.00332,0.02152,-0.00111,0.00135,0.00241,0.0841,0.02357,0.00341,0.1299,COMPUTED_HCA_5307_vCM_RIDGE_GRN,182.0
Stage3_Quads,MITF+YY1+JUND+SP3,4,3.4839,3.5742,-0.1408,-0.1285,0.00604,0.00604,0.00356,0.01661,-0.00583,-0.00063,-0.00015,0.04708,0.01791,0.00029,0.1882,COMPUTED_HCA_5307_vCM_RIDGE_GRN,183.0
Stage3_Quads,CTCF+CREB1+YY1+JUND,4,3.4786,3.526,0.1993,0.1924,0.00452,0.00452,-0.00367,0.05787,-0.00115,0.0007,-0.00153,0.09932,0.02852,0.00046,0.139,COMPUTED_HCA_5307_vCM_RIDGE_GRN,184.0
Stage3_Quads,CREB1+HIF1A+JUND+NFIC,4,3.4758,3.5842,0.1705,0.1871,0.00286,0.00286,-0.00016,0.0139,-0.0009,0.00279,0.00634,0.04282,0.01641,0.0062,0.1309,COMPUTED_HCA_5307_vCM_RIDGE_GRN,185.0
Stage3_Quads,CREB1+HIF1A+JUND+SP3,4,3.4473,3.5708,0.1533,0.1793,0.00376,0.00376,-0.00189,0.01261,-0.00559,0.00195,0.0044,0.04853,0.01279,0.00519,0.1299,COMPUTED_HCA_5307_vCM_RIDGE_GRN,186.0
Stage3_Quads,CREB1+REL+YY1+NFIC,4,3.4298,3.4683,0.2103,0.1923,0.00031,0.00031,-0.00503,0.02651,-0.0002,0.00711,0.00362,0.06152,0.02727,0.00423,0.1485,COMPUTED_HCA_5307_vCM_RIDGE_GRN,187.0
Stage3_Quads,MITF+JUND+SP3+NFIC,4,3.387,3.4714,-0.146,-0.1359,0.00439,0.00439,0.00648,0.009,-0.00566,0.00057,0.00315,0.00872,0.00986,0.00262,0.1815,COMPUTED_HCA_5307_vCM_RIDGE_GRN,188.0
Stage3_Quads,CREB1+REL+SP3+NFIC,4,3.3724,3.4201,0.1923,0.1816,-0.00046,-0.00046,-0.00409,0.01669,-0.00555,0.00755,0.00515,0.02572,0.01481,0.00569,0.1533,COMPUTED_HCA_5307_vCM_RIDGE_GRN,189.0
Stage3_Quads,CREB1+REL+YY1+SP3,4,3.3594,3.413,0.1879,0.1793,0.0013,0.0013,-0.00716,0.02375,-0.00576,0.00613,0.00125,0.06439,0.02177,0.00291,0.1454,COMPUTED_HCA_5307_vCM_RIDGE_GRN,190.0
Stage3_Quads,CREB1+REL+JUND+NFIC,4,3.228,3.267,0.1688,0.1609,0.00191,0.00191,-0.00276,0.00499,-0.00126,0.00604,0.00231,0.02359,0.0195,0.00322,0.1392,COMPUTED_HCA_5307_vCM_RIDGE_GRN,191.0
Stage3_Quads,CREB1+REL+YY1+JUND,4,3.2076,3.2525,0.1639,0.158,0.00368,0.00368,-0.00584,0.01186,-0.00147,0.00461,-0.00164,0.06211,0.02643,0.00042,0.1345,COMPUTED_HCA_5307_vCM_RIDGE_GRN,192.0
Stage3_Quads,HIF1A+YY1+JUND+NFIC,4,3.1798,3.2583,0.2421,0.2542,0.0013,0.0013,-0.00021,0.01923,-0.00099,0.00185,0.00601,0.08152,0.00606,0.00442,0.1241,COMPUTED_HCA_5307_vCM_RIDGE_GRN,193.0
Stage3_Quads,CREB1+REL+JUND+SP3,4,3.1772,3.2314,0.15,0.1515,0.00286,0.00286,-0.00446,0.00364,-0.00581,0.00517,0.0003,0.02899,0.01625,0.00217,0.1371,COMPUTED_HCA_5307_vCM_RIDGE_GRN,194.0
Stage3_Quads,HIF1A+YY1+JUND+SP3,4,3.1131,3.2069,0.2216,0.2431,0.00218,0.00218,-0.00184,0.01705,-0.00561,0.00101,0.00407,0.08446,0.00248,0.0034,0.1222,COMPUTED_HCA_5307_vCM_RIDGE_GRN,195.0
Stage3_Quads,HIF1A+YY1+SP3+NFIC,4,3.1078,3.1951,0.2696,0.279,-0.00144,-0.00144,-0.00119,0.03096,-0.00535,0.00337,0.00891,0.08331,-0.00164,0.00692,0.1453,COMPUTED_HCA_5307_vCM_RIDGE_GRN,196.0
Stage3_Quads,CTCF+JUND+SP3+NFIC,4,3.1045,3.1253,0.2729,0.2668,0.00015,0.00015,0.00065,0.05587,-0.00567,0.00149,0.00292,0.07089,-0.00093,0.00243,0.1206,COMPUTED_HCA_5307_vCM_RIDGE_GRN,197.0
Stage3_Quads,CREB1+YY1+SP3+NFIC,4,3.0908,3.1376,0.1523,0.1351,0.00056,0.00056,-0.00559,0.02807,-0.00555,0.00365,0.00514,0.05056,0.01438,0.00569,0.135,COMPUTED_HCA_5307_vCM_RIDGE_GRN,198.0
Stage3_Quads,CTCF+YY1+JUND+NFIC,4,3.0547,3.0663,0.2649,0.2514,0.00097,0.00097,-0.00047,0.05449,-0.00106,0.00113,0.00157,0.09446,0.01114,0.00111,0.1194,COMPUTED_HCA_5307_vCM_RIDGE_GRN,199.0
Stage3_Quads,REL+YY1+JUND+NFIC,4,3.0478,3.057,0.2289,0.2165,0.0005,0.0005,-0.00316,0.00833,-0.00138,0.00508,0.00146,0.0581,0.0134,0.00107,0.1306,COMPUTED_HCA_5307_vCM_RIDGE_GRN,200.0
Stage3_Quads,CTCF+YY1+JUND+SP3,4,2.9812,3.008,0.2429,0.2388,0.00186,0.00186,-0.00211,0.05186,-0.00585,0.00029,-0.00037,0.0968,0.00716,9e-05,0.1168,COMPUTED_HCA_5307_vCM_RIDGE_GRN,201.0
Stage3_Quads,REL+YY1+SP3+NFIC,4,2.9691,2.987,0.2543,0.2392,-0.00216,-0.00216,-0.00402,0.02,-0.0056,0.00656,0.00431,0.05933,0.00606,0.00353,0.1494,COMPUTED_HCA_5307_vCM_RIDGE_GRN,202.0
Stage3_Quads,CTCF+YY1+SP3+NFIC,4,2.9674,2.9877,0.2874,0.2712,-0.00171,-0.00171,-0.00138,0.06467,-0.00559,0.00265,0.00447,0.09422,0.00304,0.00361,0.1332,COMPUTED_HCA_5307_vCM_RIDGE_GRN,203.0
Stage3_Quads,HIF1A+JUND+SP3+NFIC,4,2.9653,3.0531,0.2229,0.2424,0.00046,0.00046,0.00109,0.0094,-0.00544,0.00221,0.00734,0.04632,-0.00555,0.00573,0.1273,COMPUTED_HCA_5307_vCM_RIDGE_GRN,204.0
Stage3_Quads,REL+YY1+JUND+SP3,4,2.9601,2.9844,0.2071,0.2041,0.00143,0.00143,-0.00475,0.00608,-0.00585,0.00421,-0.00054,0.06084,0.01018,1e-05,0.128,COMPUTED_HCA_5307_vCM_RIDGE_GRN,205.0
Stage3_Quads,CREB1+YY1+JUND+NFIC,4,2.9288,2.9669,0.1272,0.1127,0.00298,0.00298,-0.00416,0.01617,-0.001,0.00211,0.00223,0.04825,0.01967,0.00318,0.1226,COMPUTED_HCA_5307_vCM_RIDGE_GRN,206.0
Stage3_Quads,CREB1+YY1+JUND+SP3,4,2.8637,2.9169,0.1062,0.1012,0.00386,0.00386,-0.00581,0.01398,-0.00581,0.00127,0.00029,0.05102,0.01546,0.00217,0.1212,COMPUTED_HCA_5307_vCM_RIDGE_GRN,207.0
Stage3_Quads,REL+JUND+SP3+NFIC,4,2.8448,2.8632,0.2104,0.2053,-0.0003,-0.0003,-0.00191,-0.0008,-0.00568,0.0054,0.00275,0.02484,0.00248,0.00234,0.1352,COMPUTED_HCA_5307_vCM_RIDGE_GRN,208.0
Stage3_Quads,CREB1+JUND+SP3+NFIC,4,2.8261,2.8734,0.1069,0.0997,0.00228,0.00228,-0.00311,0.00646,-0.00564,0.00248,0.00358,0.01306,0.00909,0.0045,0.1246,COMPUTED_HCA_5307_vCM_RIDGE_GRN,209.0
Stage3_Quads,YY1+JUND+SP3+NFIC,4,2.3654,2.3828,0.1656,0.1541,0.00049,0.00049,-0.00296,0.00943,-0.00568,0.00148,0.00273,0.04584,-0.00114,0.00234,0.1158,COMPUTED_HCA_5307_vCM_RIDGE_GRN,210.0
Stage3_Tracked_NL101,SIRT1+SIRT6+GATA4+ZBTB16,4,-0.0572,0.0157,-0.0698,-0.1017,0.0018,0.0018,0.00933,-0.002,-0.0002,0.00289,-0.0056,0.00544,0.04631,-0.00403,0.1388,COMPUTED_HCA_5307_vCM_RIDGE_GRN,211.0
